ProductID,SKU,Barcode,ProductName,CategoryID,BrandID,MaterialID,GemstoneID,CollectionID,Weight,SalePrice,WholesalePrice,CostPrice,Stock,CategoryName,BrandName,MaterialName,GemstoneName,CollectionName
1,SP000001,893000000001,Bông tai Angel,3,2,5,5,4,14.47,5597326,4951481,4305636,96,Bông tai,PNJ,Vàng trắng 18K,Moissanite,Minimal
2,SP000002,893000000002,Nhẫn Golden Dream,1,4,1,1,5,5.8,2619639,2317373,2015107,62,Nhẫn,SJC,Bạc 925,Diamond,Office
3,SP000003,893000000003,Bông tai Luxury,3,1,4,2,4,8.94,23951194,21187595,18423996,20,Bông tai,KAT Jewelry,Vàng 18K,Ruby,Minimal
4,SP000004,893000000004,Lắc tay Moonlight,4,4,2,1,1,11.49,2033327,1798712,1564098,98,Lắc tay,SJC,Vàng 10K,Diamond,Luxury
5,SP000005,893000000005,Charm Galaxy,6,3,5,5,5,9.05,6035905,5339454,4643004,12,Charm,DOJI,Vàng trắng 18K,Moissanite,Office
6,SP000006,893000000006,Lắc tay Galaxy,4,4,1,3,2,2.67,15618829,13816656,12014484,16,Lắc tay,SJC,Bạc 925,Sapphire,Wedding
7,SP000007,893000000007,Bông tai Galaxy,3,3,2,2,2,4.07,4357180,3854428,3351677,94,Bông tai,DOJI,Vàng 10K,Ruby,Wedding
8,SP000008,893000000008,Lắc tay Celina,4,4,2,1,5,3.05,16791775,14854262,12916750,50,Lắc tay,SJC,Vàng 10K,Diamond,Office
9,SP000009,893000000009,Lắc tay Ocean,4,2,2,4,3,2.14,2348573,2077584,1806595,63,Lắc tay,PNJ,Vàng 10K,Emerald,Valentine
10,SP000010,893000000010,Charm Celina,6,4,3,4,5,14.03,8245338,7293953,6342568,48,Charm,SJC,Vàng 14K,Emerald,Office
11,SP000011,893000000011,Dây chuyền Lucky,2,1,2,4,3,2.11,10235878,9054815,7873753,66,Dây chuyền,KAT Jewelry,Vàng 10K,Emerald,Valentine
12,SP000012,893000000012,Dây chuyền Luxury,2,4,3,3,3,9.62,11992784,10609001,9225219,74,Dây chuyền,SJC,Vàng 14K,Sapphire,Valentine
13,SP000013,893000000013,Lắc tay Golden Dream,4,3,3,3,1,14.79,24933847,22056865,19179883,49,Lắc tay,DOJI,Vàng 14K,Sapphire,Luxury
14,SP000014,893000000014,Charm Lucky,6,3,3,5,2,7.58,7886377,6976410,6066444,92,Charm,DOJI,Vàng 14K,Moissanite,Wedding
15,SP000015,893000000015,Lắc tay Eternal Love,4,1,1,6,3,5.23,21879885,19355283,16830681,64,Lắc tay,KAT Jewelry,Bạc 925,CZ,Valentine
16,SP000016,893000000016,Lắc tay Rose Gold,4,4,5,1,5,5.73,1902478,1682961,1463445,52,Lắc tay,SJC,Vàng trắng 18K,Diamond,Office
17,SP000017,893000000017,Vòng tay Sunshine,5,1,2,1,2,13.82,11252793,9954394,8655995,47,Vòng tay,KAT Jewelry,Vàng 10K,Diamond,Wedding
18,SP000018,893000000018,Vòng tay Infinity,5,2,1,3,1,13.55,8089438,7156041,6222645,64,Vòng tay,PNJ,Bạc 925,Sapphire,Luxury
19,SP000019,893000000019,Dây chuyền Golden Dream,2,2,3,6,4,3.66,6165758,5454324,4742891,9,Dây chuyền,PNJ,Vàng 14K,CZ,Minimal
20,SP000020,893000000020,Dây chuyền Aurora,2,3,3,5,2,2.13,14519905,12844531,11169158,89,Dây chuyền,DOJI,Vàng 14K,Moissanite,Wedding
21,SP000021,893000000021,Bông tai Infinity,3,4,1,4,2,4.84,20692785,18305156,15917527,71,Bông tai,SJC,Bạc 925,Emerald,Wedding
22,SP000022,893000000022,Bông tai Angel,3,4,3,5,2,14.47,24114298,21331879,18549460,31,Bông tai,SJC,Vàng 14K,Moissanite,Wedding
23,SP000023,893000000023,Vòng tay Angel,5,3,4,3,4,7.55,18730487,16569277,14408067,73,Vòng tay,DOJI,Vàng 18K,Sapphire,Minimal
24,SP000024,893000000024,Dây chuyền Aurora,2,4,2,6,4,5.85,1688485,1493660,1298835,58,Dây chuyền,SJC,Vàng 10K,CZ,Minimal
25,SP000025,893000000025,Lắc tay Aurora,4,2,2,5,1,8.97,7741025,6847830,5954635,31,Lắc tay,PNJ,Vàng 10K,Moissanite,Luxury
26,SP000026,893000000026,Lắc tay Harmony,4,2,3,2,3,6.91,23522794,20808625,18094457,29,Lắc tay,PNJ,Vàng 14K,Ruby,Valentine
27,SP000027,893000000027,Charm Moonlight,6,3,2,5,1,13.57,12159304,10756307,9353311,47,Charm,DOJI,Vàng 10K,Moissanite,Luxury
28,SP000028,893000000028,Charm Rose Gold,6,4,1,1,5,13.62,8340920,7378506,6416093,56,Charm,SJC,Bạc 925,Diamond,Office
29,SP000029,893000000029,Charm Sweet Heart,6,4,1,4,2,6.39,8608366,7615092,6621820,36,Charm,SJC,Bạc 925,Emerald,Wedding
30,SP000030,893000000030,Vòng tay Galaxy,5,1,3,1,2,11.94,22850493,20213898,17577303,75,Vòng tay,KAT Jewelry,Vàng 14K,Diamond,Wedding
31,SP000031,893000000031,Bông tai Golden Dream,3,3,4,5,2,9.88,19561998,17304844,15047691,43,Bông tai,DOJI,Vàng 18K,Moissanite,Wedding
32,SP000032,893000000032,Bông tai Eternal Love,3,2,5,2,4,12.19,16788448,14851319,12914191,32,Bông tai,PNJ,Vàng trắng 18K,Ruby,Minimal
33,SP000033,893000000033,Nhẫn Galaxy,1,1,1,1,3,13.77,16395207,14503452,12611698,14,Nhẫn,KAT Jewelry,Bạc 925,Diamond,Valentine
34,SP000034,893000000034,Charm Harmony,6,2,3,6,1,11.95,21526031,19042258,16558486,67,Charm,PNJ,Vàng 14K,CZ,Luxury
35,SP000035,893000000035,Lắc tay Aurora,4,3,5,5,2,9.87,5481589,4849098,4216607,34,Lắc tay,DOJI,Vàng trắng 18K,Moissanite,Wedding
36,SP000036,893000000036,Bông tai Sweet Heart,3,3,2,3,1,12.73,4440658,3928274,3415891,78,Bông tai,DOJI,Vàng 10K,Sapphire,Luxury
37,SP000037,893000000037,Charm Sunshine,6,3,1,5,3,7.72,24694673,21845288,18995903,38,Charm,DOJI,Bạc 925,Moissanite,Valentine
38,SP000038,893000000038,Vòng tay Luxury,5,2,3,4,4,5.09,25625870,22669039,19712208,84,Vòng tay,PNJ,Vàng 14K,Emerald,Minimal
39,SP000039,893000000039,Vòng tay Shining Star,5,1,5,3,3,2.15,5958851,5271291,4583732,100,Vòng tay,KAT Jewelry,Vàng trắng 18K,Sapphire,Valentine
40,SP000040,893000000040,Dây chuyền Luxury,2,1,4,3,5,12.34,13768783,12180077,10591372,71,Dây chuyền,KAT Jewelry,Vàng 18K,Sapphire,Office
41,SP000041,893000000041,Lắc tay Rose Gold,4,4,3,3,1,14.52,23214519,20535921,17857323,23,Lắc tay,SJC,Vàng 14K,Sapphire,Luxury
42,SP000042,893000000042,Vòng tay Angel,5,3,1,3,4,2.07,4888990,4324876,3760762,71,Vòng tay,DOJI,Bạc 925,Sapphire,Minimal
43,SP000043,893000000043,Lắc tay Aurora,4,1,2,2,2,11.43,14663576,12971625,11279674,66,Lắc tay,KAT Jewelry,Vàng 10K,Ruby,Wedding
44,SP000044,893000000044,Nhẫn Sunshine,1,1,2,2,5,9.72,12890144,11402820,9915496,11,Nhẫn,KAT Jewelry,Vàng 10K,Ruby,Office
45,SP000045,893000000045,Lắc tay Ocean,4,3,4,5,4,11.92,22446227,19856278,17266329,33,Lắc tay,DOJI,Vàng 18K,Moissanite,Minimal
46,SP000046,893000000046,Charm Angel,6,4,5,5,3,12.75,13724985,12141333,10557681,27,Charm,SJC,Vàng trắng 18K,Moissanite,Valentine
47,SP000047,893000000047,Lắc tay Royal,4,1,5,4,5,12.14,2363748,2091008,1818268,63,Lắc tay,KAT Jewelry,Vàng trắng 18K,Emerald,Office
48,SP000048,893000000048,Charm Galaxy,6,4,3,4,2,6.21,10369706,9173201,7976697,67,Charm,SJC,Vàng 14K,Emerald,Wedding
49,SP000049,893000000049,Charm Rose Gold,6,3,3,1,3,10.84,10127878,8959277,7790676,30,Charm,DOJI,Vàng 14K,Diamond,Valentine
50,SP000050,893000000050,Nhẫn Royal,1,3,3,3,2,7.09,16126277,14265553,12404829,52,Nhẫn,DOJI,Vàng 14K,Sapphire,Wedding
51,SP000051,893000000051,Bông tai Harmony,3,4,3,1,1,4.07,18354531,16236700,14118870,21,Bông tai,SJC,Vàng 14K,Diamond,Luxury
52,SP000052,893000000052,Bông tai Harmony,3,1,3,4,5,6.8,14404540,12742478,11080416,49,Bông tai,KAT Jewelry,Vàng 14K,Emerald,Office
53,SP000053,893000000053,Charm Galaxy,6,4,2,4,4,6.27,18088695,16001538,13914381,34,Charm,SJC,Vàng 10K,Emerald,Minimal
54,SP000054,893000000054,Charm Royal,6,3,3,5,2,5.98,18474415,16342752,14211089,88,Charm,DOJI,Vàng 14K,Moissanite,Wedding
55,SP000055,893000000055,Lắc tay Ocean,4,3,3,6,2,5.68,17890818,15826493,13762168,54,Lắc tay,DOJI,Vàng 14K,CZ,Wedding
56,SP000056,893000000056,Lắc tay Moonlight,4,2,2,5,1,1.93,3656281,3234402,2812524,56,Lắc tay,PNJ,Vàng 10K,Moissanite,Luxury
57,SP000057,893000000057,Lắc tay Celina,4,3,3,4,5,10.07,19310306,17082194,14854082,68,Lắc tay,DOJI,Vàng 14K,Emerald,Office
58,SP000058,893000000058,Bông tai Sunshine,3,1,5,4,5,5.26,4846247,4287065,3727883,52,Bông tai,KAT Jewelry,Vàng trắng 18K,Emerald,Office
59,SP000059,893000000059,Lắc tay Sunshine,4,2,1,6,4,13.96,11020945,9749297,8477650,81,Lắc tay,PNJ,Bạc 925,CZ,Minimal
60,SP000060,893000000060,Charm Moonlight,6,3,2,1,5,5.21,10296353,9108312,7920272,20,Charm,DOJI,Vàng 10K,Diamond,Office
61,SP000061,893000000061,Vòng tay Celina,5,4,2,3,2,2.64,11543600,10211646,8879693,31,Vòng tay,SJC,Vàng 10K,Sapphire,Wedding
62,SP000062,893000000062,Lắc tay Diamond Queen,4,4,2,2,4,11.77,17040933,15074671,13108410,59,Lắc tay,SJC,Vàng 10K,Ruby,Minimal
63,SP000063,893000000063,Dây chuyền Infinity,2,1,3,1,2,2.55,25365618,22438816,19512014,97,Dây chuyền,KAT Jewelry,Vàng 14K,Diamond,Wedding
64,SP000064,893000000064,Bông tai Shining Star,3,2,1,2,5,5.05,9718506,8597140,7475774,8,Bông tai,PNJ,Bạc 925,Ruby,Office
65,SP000065,893000000065,Bông tai Royal,3,1,5,4,5,13.48,20123002,17801117,15479233,56,Bông tai,KAT Jewelry,Vàng trắng 18K,Emerald,Office
66,SP000066,893000000066,Charm Moonlight,6,3,4,1,3,1.74,9292701,8220466,7148232,19,Charm,DOJI,Vàng 18K,Diamond,Valentine
67,SP000067,893000000067,Lắc tay Angel,4,4,2,6,1,7.03,2603224,2302852,2002480,74,Lắc tay,SJC,Vàng 10K,CZ,Luxury
68,SP000068,893000000068,Lắc tay Diamond Queen,4,3,4,5,5,11.93,14423549,12759293,11095038,72,Lắc tay,DOJI,Vàng 18K,Moissanite,Office
69,SP000069,893000000069,Nhẫn Golden Dream,1,4,4,1,5,3.19,13005856,11505180,10004505,41,Nhẫn,SJC,Vàng 18K,Diamond,Office
70,SP000070,893000000070,Dây chuyền Shining Star,2,3,3,4,3,11.79,24683647,21835534,18987421,92,Dây chuyền,DOJI,Vàng 14K,Emerald,Valentine
71,SP000071,893000000071,Dây chuyền Luxury,2,4,3,5,5,2.4,20920065,18506211,16092358,76,Dây chuyền,SJC,Vàng 14K,Moissanite,Office
72,SP000072,893000000072,Charm Shining Star,6,4,3,3,2,14.53,11915298,10540456,9165614,42,Charm,SJC,Vàng 14K,Sapphire,Wedding
73,SP000073,893000000073,Lắc tay Aurora,4,1,2,3,1,7.55,13467563,11913613,10359664,65,Lắc tay,KAT Jewelry,Vàng 10K,Sapphire,Luxury
74,SP000074,893000000074,Vòng tay Infinity,5,2,4,5,4,11.42,2460854,2176909,1892965,99,Vòng tay,PNJ,Vàng 18K,Moissanite,Minimal
75,SP000075,893000000075,Dây chuyền Luxury,2,2,5,6,2,8.7,1572912,1391422,1209933,93,Dây chuyền,PNJ,Vàng trắng 18K,CZ,Wedding
76,SP000076,893000000076,Vòng tay Princess,5,2,2,3,1,5.92,25092737,22197421,19302106,94,Vòng tay,PNJ,Vàng 10K,Sapphire,Luxury
77,SP000077,893000000077,Nhẫn Royal,1,4,3,4,1,4.98,20281855,17941641,15601427,36,Nhẫn,SJC,Vàng 14K,Emerald,Luxury
78,SP000078,893000000078,Bông tai Galaxy,3,4,3,6,2,10.88,10074989,8912490,7749992,39,Bông tai,SJC,Vàng 14K,CZ,Wedding
79,SP000079,893000000079,Nhẫn Angel,1,4,4,3,1,8.24,5712887,5053708,4394529,97,Nhẫn,SJC,Vàng 18K,Sapphire,Luxury
80,SP000080,893000000080,Bông tai Sweet Heart,3,2,3,1,3,2.2,15432098,13651471,11870845,38,Bông tai,PNJ,Vàng 14K,Diamond,Valentine
81,SP000081,893000000081,Bông tai Celina,3,1,2,3,3,7.73,11760834,10403815,9046796,50,Bông tai,KAT Jewelry,Vàng 10K,Sapphire,Valentine
82,SP000082,893000000082,Charm Lucky,6,4,2,2,4,14.48,6348395,5615888,4883381,67,Charm,SJC,Vàng 10K,Ruby,Minimal
83,SP000083,893000000083,Lắc tay Princess,4,1,1,1,4,7.39,10278942,9092910,7906879,79,Lắc tay,KAT Jewelry,Bạc 925,Diamond,Minimal
84,SP000084,893000000084,Dây chuyền Rose Gold,2,1,1,4,2,6.11,5916601,5233916,4551232,51,Dây chuyền,KAT Jewelry,Bạc 925,Emerald,Wedding
85,SP000085,893000000085,Bông tai Ocean,3,4,4,3,1,2.03,22953739,20305231,17656723,36,Bông tai,SJC,Vàng 18K,Sapphire,Luxury
86,SP000086,893000000086,Charm Princess,6,4,3,2,3,5.91,8568170,7579534,6590900,25,Charm,SJC,Vàng 14K,Ruby,Valentine
87,SP000087,893000000087,Nhẫn Sunshine,1,3,4,4,1,4.0,1388487,1228277,1068067,75,Nhẫn,DOJI,Vàng 18K,Emerald,Luxury
88,SP000088,893000000088,Nhẫn Eternal Love,1,4,3,6,3,11.29,15268123,13506416,11744710,7,Nhẫn,SJC,Vàng 14K,CZ,Valentine
89,SP000089,893000000089,Nhẫn Diamond Queen,1,1,2,6,5,11.33,15656852,13850292,12043733,23,Nhẫn,KAT Jewelry,Vàng 10K,CZ,Office
90,SP000090,893000000090,Charm Ocean,6,2,1,3,5,7.45,19909796,17612512,15315228,23,Charm,PNJ,Bạc 925,Sapphire,Office
91,SP000091,893000000091,Dây chuyền Rose Gold,2,1,4,1,3,4.17,20666588,18281982,15897376,27,Dây chuyền,KAT Jewelry,Vàng 18K,Diamond,Valentine
92,SP000092,893000000092,Nhẫn Diamond Queen,1,1,2,6,4,3.7,11092983,9813023,8533064,24,Nhẫn,KAT Jewelry,Vàng 10K,CZ,Minimal
93,SP000093,893000000093,Nhẫn Diamond Queen,1,4,2,1,2,5.36,14686287,12991715,11297144,17,Nhẫn,SJC,Vàng 10K,Diamond,Wedding
94,SP000094,893000000094,Lắc tay Golden Dream,4,2,1,3,3,2.56,4892461,4327946,3763432,73,Lắc tay,PNJ,Bạc 925,Sapphire,Valentine
95,SP000095,893000000095,Nhẫn Diamond Queen,1,4,3,3,4,9.98,17932883,15863704,13794526,29,Nhẫn,SJC,Vàng 14K,Sapphire,Minimal
96,SP000096,893000000096,Bông tai Rose Gold,3,4,2,3,4,13.72,2158473,1909418,1660364,96,Bông tai,SJC,Vàng 10K,Sapphire,Minimal
97,SP000097,893000000097,Dây chuyền Harmony,2,1,3,1,4,12.69,20721508,18330565,15939622,92,Dây chuyền,KAT Jewelry,Vàng 14K,Diamond,Minimal
98,SP000098,893000000098,Charm Sunshine,6,2,5,3,5,6.1,25849081,22866495,19883909,50,Charm,PNJ,Vàng trắng 18K,Sapphire,Office
99,SP000099,893000000099,Lắc tay Celina,4,2,5,5,5,10.82,22557878,19955046,17352214,26,Lắc tay,PNJ,Vàng trắng 18K,Moissanite,Office
100,SP000100,893000000100,Lắc tay Diamond Queen,4,4,1,1,3,10.41,3300603,2919764,2538926,73,Lắc tay,SJC,Bạc 925,Diamond,Valentine
101,SP000101,893000000101,Dây chuyền Sweet Heart,2,4,3,3,4,1.69,4709001,4165655,3622309,89,Dây chuyền,SJC,Vàng 14K,Sapphire,Minimal
102,SP000102,893000000102,Lắc tay Sweet Heart,4,3,4,4,2,9.26,13562744,11997812,10432880,7,Lắc tay,DOJI,Vàng 18K,Emerald,Wedding
103,SP000103,893000000103,Dây chuyền Golden Dream,2,4,2,4,5,6.16,17996106,15919632,13843159,45,Dây chuyền,SJC,Vàng 10K,Emerald,Office
104,SP000104,893000000104,Bông tai Elegant,3,1,4,6,1,10.65,21205978,18759134,16312291,39,Bông tai,KAT Jewelry,Vàng 18K,CZ,Luxury
105,SP000105,893000000105,Dây chuyền Rose Gold,2,3,3,3,3,5.38,9768220,8641118,7514016,92,Dây chuyền,DOJI,Vàng 14K,Sapphire,Valentine
106,SP000106,893000000106,Lắc tay Golden Dream,4,2,1,5,2,13.33,3358747,2971199,2583652,73,Lắc tay,PNJ,Bạc 925,Moissanite,Wedding
107,SP000107,893000000107,Lắc tay Infinity,4,3,5,5,3,7.54,15707585,13895171,12082758,79,Lắc tay,DOJI,Vàng trắng 18K,Moissanite,Valentine
108,SP000108,893000000108,Charm Rose Gold,6,3,1,6,4,5.37,16704100,14776704,12849308,13,Charm,DOJI,Bạc 925,CZ,Minimal
109,SP000109,893000000109,Bông tai Luxury,3,3,1,3,5,9.56,8310763,7351829,6392895,14,Bông tai,DOJI,Bạc 925,Sapphire,Office
110,SP000110,893000000110,Dây chuyền Eternal Love,2,3,4,5,3,6.07,2655742,2349310,2042879,18,Dây chuyền,DOJI,Vàng 18K,Moissanite,Valentine
111,SP000111,893000000111,Charm Shining Star,6,1,3,1,1,5.49,5190528,4591621,3992714,97,Charm,KAT Jewelry,Vàng 14K,Diamond,Luxury
112,SP000112,893000000112,Charm Lucky,6,1,5,4,2,7.11,21786528,19272698,16758868,80,Charm,KAT Jewelry,Vàng trắng 18K,Emerald,Wedding
113,SP000113,893000000113,Bông tai Sunshine,3,1,5,1,3,13.92,9188480,8128271,7068062,64,Bông tai,KAT Jewelry,Vàng trắng 18K,Diamond,Valentine
114,SP000114,893000000114,Nhẫn Princess,1,1,2,4,5,10.13,5461510,4831336,4201162,59,Nhẫn,KAT Jewelry,Vàng 10K,Emerald,Office
115,SP000115,893000000115,Bông tai Infinity,3,2,4,6,2,13.9,24228127,21432574,18637021,30,Bông tai,PNJ,Vàng 18K,CZ,Wedding
116,SP000116,893000000116,Vòng tay Aurora,5,1,4,5,5,4.91,17991157,15915254,13839352,47,Vòng tay,KAT Jewelry,Vàng 18K,Moissanite,Office
117,SP000117,893000000117,Dây chuyền Aurora,2,2,5,2,5,2.91,1822241,1611982,1401724,76,Dây chuyền,PNJ,Vàng trắng 18K,Ruby,Office
118,SP000118,893000000118,Charm Lucky,6,2,1,3,2,3.97,6945092,6143735,5342379,81,Charm,PNJ,Bạc 925,Sapphire,Wedding
119,SP000119,893000000119,Nhẫn Rose Gold,1,1,3,4,4,12.9,13510580,11951667,10392754,37,Nhẫn,KAT Jewelry,Vàng 14K,Emerald,Minimal
120,SP000120,893000000120,Dây chuyền Moonlight,2,1,4,6,4,9.09,23629104,20902669,18176234,84,Dây chuyền,KAT Jewelry,Vàng 18K,CZ,Minimal
121,SP000121,893000000121,Lắc tay Shining Star,4,4,3,3,5,12.33,22194333,19633448,17072564,75,Lắc tay,SJC,Vàng 14K,Sapphire,Office
122,SP000122,893000000122,Bông tai Galaxy,3,4,3,3,3,3.46,18283116,16173526,14063936,20,Bông tai,SJC,Vàng 14K,Sapphire,Valentine
123,SP000123,893000000123,Lắc tay Royal,4,2,5,5,5,13.95,5880587,5202058,4523529,90,Lắc tay,PNJ,Vàng trắng 18K,Moissanite,Office
124,SP000124,893000000124,Dây chuyền Lucky,2,2,5,1,4,4.8,18670083,16515843,14361603,33,Dây chuyền,PNJ,Vàng trắng 18K,Diamond,Minimal
125,SP000125,893000000125,Lắc tay Ocean,4,4,5,3,5,5.18,13225929,11699860,10173792,89,Lắc tay,SJC,Vàng trắng 18K,Sapphire,Office
126,SP000126,893000000126,Charm Luxury,6,1,5,4,3,4.0,7453646,6593610,5733574,62,Charm,KAT Jewelry,Vàng trắng 18K,Emerald,Valentine
127,SP000127,893000000127,Bông tai Royal,3,3,5,2,5,5.97,23583550,20862371,18141193,84,Bông tai,DOJI,Vàng trắng 18K,Ruby,Office
128,SP000128,893000000128,Dây chuyền Golden Dream,2,2,1,6,3,12.91,5789660,5121622,4453585,92,Dây chuyền,PNJ,Bạc 925,CZ,Valentine
129,SP000129,893000000129,Nhẫn Princess,1,1,4,3,1,7.89,7748973,6854861,5960749,97,Nhẫn,KAT Jewelry,Vàng 18K,Sapphire,Luxury
130,SP000130,893000000130,Dây chuyền Lucky,2,1,1,2,2,11.67,8364943,7399757,6434572,72,Dây chuyền,KAT Jewelry,Bạc 925,Ruby,Wedding
131,SP000131,893000000131,Dây chuyền Sunshine,2,3,5,1,2,12.99,2156224,1907429,1658634,47,Dây chuyền,DOJI,Vàng trắng 18K,Diamond,Wedding
132,SP000132,893000000132,Lắc tay Luxury,4,1,5,3,4,4.96,16198314,14329278,12460242,71,Lắc tay,KAT Jewelry,Vàng trắng 18K,Sapphire,Minimal
133,SP000133,893000000133,Charm Angel,6,3,2,2,1,13.84,25260384,22345724,19431065,89,Charm,DOJI,Vàng 10K,Ruby,Luxury
134,SP000134,893000000134,Lắc tay Aurora,4,4,1,5,1,11.42,24009450,21239129,18468808,67,Lắc tay,SJC,Bạc 925,Moissanite,Luxury
135,SP000135,893000000135,Bông tai Aurora,3,4,5,4,4,7.08,18508141,16372586,14237032,9,Bông tai,SJC,Vàng trắng 18K,Emerald,Minimal
136,SP000136,893000000136,Bông tai Aurora,3,1,2,4,1,3.38,13200645,11677494,10154343,17,Bông tai,KAT Jewelry,Vàng 10K,Emerald,Luxury
137,SP000137,893000000137,Lắc tay Harmony,4,2,1,5,4,11.18,20559073,18186872,15814672,59,Lắc tay,PNJ,Bạc 925,Moissanite,Minimal
138,SP000138,893000000138,Dây chuyền Aurora,2,3,1,4,4,14.29,24036792,21263316,18489840,15,Dây chuyền,DOJI,Bạc 925,Emerald,Minimal
139,SP000139,893000000139,Lắc tay Sunshine,4,3,4,3,3,14.17,8176702,7233236,6289771,50,Lắc tay,DOJI,Vàng 18K,Sapphire,Valentine
140,SP000140,893000000140,Bông tai Harmony,3,2,1,1,1,5.82,13589526,12021504,10453482,12,Bông tai,PNJ,Bạc 925,Diamond,Luxury
141,SP000141,893000000141,Vòng tay Celina,5,4,4,6,1,9.92,22227393,19662694,17097995,19,Vòng tay,SJC,Vàng 18K,CZ,Luxury
142,SP000142,893000000142,Nhẫn Angel,1,2,5,5,3,6.17,23627613,20901350,18175087,36,Nhẫn,PNJ,Vàng trắng 18K,Moissanite,Valentine
143,SP000143,893000000143,Charm Angel,6,1,2,3,5,8.73,5091764,4504253,3916742,82,Charm,KAT Jewelry,Vàng 10K,Sapphire,Office
144,SP000144,893000000144,Lắc tay Sunshine,4,2,1,3,4,10.67,6059706,5360509,4661313,92,Lắc tay,PNJ,Bạc 925,Sapphire,Minimal
145,SP000145,893000000145,Vòng tay Celina,5,4,3,5,3,7.87,13595803,12027056,10458310,92,Vòng tay,SJC,Vàng 14K,Moissanite,Valentine
146,SP000146,893000000146,Vòng tay Princess,5,3,4,6,4,13.69,19268450,17045167,14821885,65,Vòng tay,DOJI,Vàng 18K,CZ,Minimal
147,SP000147,893000000147,Lắc tay Sunshine,4,1,2,1,5,13.41,13624031,12052027,10480024,18,Lắc tay,KAT Jewelry,Vàng 10K,Diamond,Office
148,SP000148,893000000148,Vòng tay Lucky,5,3,5,1,4,6.37,24016044,21244962,18473880,43,Vòng tay,DOJI,Vàng trắng 18K,Diamond,Minimal
149,SP000149,893000000149,Nhẫn Shining Star,1,3,4,5,5,8.43,20816892,18414943,16012994,66,Nhẫn,DOJI,Vàng 18K,Moissanite,Office
150,SP000150,893000000150,Vòng tay Shining Star,5,4,1,1,2,10.98,22175650,19616921,17058193,71,Vòng tay,SJC,Bạc 925,Diamond,Wedding
151,SP000151,893000000151,Bông tai Celina,3,1,2,2,3,11.97,14524360,12848472,11172585,90,Bông tai,KAT Jewelry,Vàng 10K,Ruby,Valentine
152,SP000152,893000000152,Nhẫn Sunshine,1,1,4,2,3,3.87,11691816,10342760,8993705,12,Nhẫn,KAT Jewelry,Vàng 18K,Ruby,Valentine
153,SP000153,893000000153,Bông tai Luxury,3,1,1,2,5,11.07,9382132,8299578,7217025,82,Bông tai,KAT Jewelry,Bạc 925,Ruby,Office
154,SP000154,893000000154,Vòng tay Shining Star,5,2,4,2,2,2.74,5917692,5234881,4552071,17,Vòng tay,PNJ,Vàng 18K,Ruby,Wedding
155,SP000155,893000000155,Dây chuyền Golden Dream,2,4,4,5,5,2.66,23734363,20995783,18257203,68,Dây chuyền,SJC,Vàng 18K,Moissanite,Office
156,SP000156,893000000156,Lắc tay Moonlight,4,1,2,6,1,3.29,23900042,21142345,18384648,52,Lắc tay,KAT Jewelry,Vàng 10K,CZ,Luxury
157,SP000157,893000000157,Nhẫn Sweet Heart,1,1,1,6,3,14.08,10354320,9159591,7964862,34,Nhẫn,KAT Jewelry,Bạc 925,CZ,Valentine
158,SP000158,893000000158,Lắc tay Sweet Heart,4,2,5,2,3,7.28,2814097,2489393,2164690,9,Lắc tay,PNJ,Vàng trắng 18K,Ruby,Valentine
159,SP000159,893000000159,Vòng tay Princess,5,4,3,6,2,3.4,18319776,16205956,14092136,19,Vòng tay,SJC,Vàng 14K,CZ,Wedding
160,SP000160,893000000160,Charm Celina,6,2,5,2,3,3.05,7269450,6430667,5591885,60,Charm,PNJ,Vàng trắng 18K,Ruby,Valentine
161,SP000161,893000000161,Nhẫn Sunshine,1,1,2,2,3,4.84,5421161,4795642,4170124,67,Nhẫn,KAT Jewelry,Vàng 10K,Ruby,Valentine
162,SP000162,893000000162,Lắc tay Ocean,4,2,5,4,4,5.23,16154689,14290686,12426684,57,Lắc tay,PNJ,Vàng trắng 18K,Emerald,Minimal
163,SP000163,893000000163,Charm Lucky,6,1,2,4,5,5.56,5148746,4554660,3960574,60,Charm,KAT Jewelry,Vàng 10K,Emerald,Office
164,SP000164,893000000164,Vòng tay Lucky,5,4,1,3,2,7.88,12450217,11013653,9577090,77,Vòng tay,SJC,Bạc 925,Sapphire,Wedding
165,SP000165,893000000165,Lắc tay Ocean,4,2,3,1,3,10.19,25319024,22397598,19476173,33,Lắc tay,PNJ,Vàng 14K,Diamond,Valentine
166,SP000166,893000000166,Bông tai Celina,3,3,4,2,1,5.06,17284447,15290088,13295729,74,Bông tai,DOJI,Vàng 18K,Ruby,Luxury
167,SP000167,893000000167,Lắc tay Ocean,4,1,5,5,2,2.66,19477755,17230322,14982889,68,Lắc tay,KAT Jewelry,Vàng trắng 18K,Moissanite,Wedding
168,SP000168,893000000168,Dây chuyền Rose Gold,2,2,5,5,1,6.47,4959346,4387114,3814882,50,Dây chuyền,PNJ,Vàng trắng 18K,Moissanite,Luxury
169,SP000169,893000000169,Bông tai Infinity,3,4,1,2,2,8.19,25706307,22740195,19774083,90,Bông tai,SJC,Bạc 925,Ruby,Wedding
170,SP000170,893000000170,Lắc tay Diamond Queen,4,4,3,4,3,7.24,18830250,16657529,14484808,53,Lắc tay,SJC,Vàng 14K,Emerald,Valentine
171,SP000171,893000000171,Dây chuyền Lucky,2,2,3,5,1,6.47,16022163,14173452,12324741,88,Dây chuyền,PNJ,Vàng 14K,Moissanite,Luxury
172,SP000172,893000000172,Bông tai Golden Dream,3,1,3,6,2,4.76,11563207,10228991,8894775,72,Bông tai,KAT Jewelry,Vàng 14K,CZ,Wedding
173,SP000173,893000000173,Dây chuyền Eternal Love,2,4,2,5,3,10.59,8932665,7901973,6871281,60,Dây chuyền,SJC,Vàng 10K,Moissanite,Valentine
174,SP000174,893000000174,Dây chuyền Celina,2,3,4,1,3,6.16,24577473,21741611,18905749,47,Dây chuyền,DOJI,Vàng 18K,Diamond,Valentine
175,SP000175,893000000175,Dây chuyền Sweet Heart,2,1,1,6,2,7.07,4766108,4216172,3666237,8,Dây chuyền,KAT Jewelry,Bạc 925,CZ,Wedding
176,SP000176,893000000176,Bông tai Sweet Heart,3,3,4,1,5,10.3,12520307,11075656,9631006,23,Bông tai,DOJI,Vàng 18K,Diamond,Office
177,SP000177,893000000177,Lắc tay Galaxy,4,3,2,4,2,12.4,6101695,5397653,4693612,93,Lắc tay,DOJI,Vàng 10K,Emerald,Wedding
178,SP000178,893000000178,Charm Eternal Love,6,4,1,3,5,12.39,25162917,22259503,19356090,34,Charm,SJC,Bạc 925,Sapphire,Office
179,SP000179,893000000179,Bông tai Celina,3,1,3,2,2,14.79,23021297,20364993,17708690,98,Bông tai,KAT Jewelry,Vàng 14K,Ruby,Wedding
180,SP000180,893000000180,Lắc tay Eternal Love,4,3,5,2,3,10.01,5187803,4589210,3990618,22,Lắc tay,DOJI,Vàng trắng 18K,Ruby,Valentine
181,SP000181,893000000181,Charm Eternal Love,6,4,3,5,1,10.55,1690676,1495598,1300520,54,Charm,SJC,Vàng 14K,Moissanite,Luxury
182,SP000182,893000000182,Charm Celina,6,3,2,6,4,12.57,19817463,17530833,15244203,25,Charm,DOJI,Vàng 10K,CZ,Minimal
183,SP000183,893000000183,Dây chuyền Angel,2,3,4,3,1,2.81,25583781,22631806,19679832,69,Dây chuyền,DOJI,Vàng 18K,Sapphire,Luxury
184,SP000184,893000000184,Lắc tay Shining Star,4,2,5,3,5,13.04,17356432,15353767,13351102,19,Lắc tay,PNJ,Vàng trắng 18K,Sapphire,Office
185,SP000185,893000000185,Dây chuyền Rose Gold,2,3,5,5,3,12.25,5305149,4693016,4080884,38,Dây chuyền,DOJI,Vàng trắng 18K,Moissanite,Valentine
186,SP000186,893000000186,Dây chuyền Sunshine,2,2,5,6,1,14.86,11833611,10468194,9102778,60,Dây chuyền,PNJ,Vàng trắng 18K,CZ,Luxury
187,SP000187,893000000187,Vòng tay Sunshine,5,2,2,2,3,14.61,8866140,7843124,6820108,89,Vòng tay,PNJ,Vàng 10K,Ruby,Valentine
188,SP000188,893000000188,Dây chuyền Harmony,2,2,5,5,4,5.1,2213985,1958525,1703066,74,Dây chuyền,PNJ,Vàng trắng 18K,Moissanite,Minimal
189,SP000189,893000000189,Dây chuyền Celina,2,2,3,2,5,5.92,21341902,18879375,16416848,10,Dây chuyền,PNJ,Vàng 14K,Ruby,Office
190,SP000190,893000000190,Charm Infinity,6,4,1,5,2,9.74,19493368,17244133,14994899,43,Charm,SJC,Bạc 925,Moissanite,Wedding
191,SP000191,893000000191,Dây chuyền Galaxy,2,2,5,1,2,6.11,2180855,1929218,1677581,31,Dây chuyền,PNJ,Vàng trắng 18K,Diamond,Wedding
192,SP000192,893000000192,Charm Ocean,6,2,2,2,2,9.06,10036440,8878389,7720339,91,Charm,PNJ,Vàng 10K,Ruby,Wedding
193,SP000193,893000000193,Vòng tay Sweet Heart,5,1,1,5,2,2.4,12107524,10710502,9313480,9,Vòng tay,KAT Jewelry,Bạc 925,Moissanite,Wedding
194,SP000194,893000000194,Charm Moonlight,6,2,5,6,2,6.29,10519150,9305402,8091654,89,Charm,PNJ,Vàng trắng 18K,CZ,Wedding
195,SP000195,893000000195,Bông tai Celina,3,1,3,4,1,1.9,2797518,2474727,2151937,40,Bông tai,KAT Jewelry,Vàng 14K,Emerald,Luxury
196,SP000196,893000000196,Bông tai Ocean,3,4,5,1,4,6.4,9383000,8300346,7217693,60,Bông tai,SJC,Vàng trắng 18K,Diamond,Minimal
197,SP000197,893000000197,Vòng tay Infinity,5,3,3,5,3,4.67,1767828,1563848,1359868,100,Vòng tay,DOJI,Vàng 14K,Moissanite,Valentine
198,SP000198,893000000198,Vòng tay Princess,5,1,3,2,5,14.03,13851809,12253523,10655238,83,Vòng tay,KAT Jewelry,Vàng 14K,Ruby,Office
199,SP000199,893000000199,Lắc tay Princess,4,1,4,1,5,2.54,15317157,13549793,11782429,29,Lắc tay,KAT Jewelry,Vàng 18K,Diamond,Office
200,SP000200,893000000200,Dây chuyền Shining Star,2,1,3,2,1,2.68,25326262,22404001,19481740,68,Dây chuyền,KAT Jewelry,Vàng 14K,Ruby,Luxury
201,SP000201,893000000201,Lắc tay Rose Gold,4,1,2,6,4,12.39,14510585,12836287,11161989,91,Lắc tay,KAT Jewelry,Vàng 10K,CZ,Minimal
202,SP000202,893000000202,Bông tai Angel,3,1,2,5,4,3.64,10502987,9291104,8079221,14,Bông tai,KAT Jewelry,Vàng 10K,Moissanite,Minimal
203,SP000203,893000000203,Nhẫn Eternal Love,1,1,4,5,3,10.86,2141244,1894177,1647111,12,Nhẫn,KAT Jewelry,Vàng 18K,Moissanite,Valentine
204,SP000204,893000000204,Nhẫn Royal,1,2,5,6,1,14.06,6098253,5394608,4690964,67,Nhẫn,PNJ,Vàng trắng 18K,CZ,Luxury
205,SP000205,893000000205,Lắc tay Lucky,4,1,2,6,3,11.71,11351137,10041390,8731644,23,Lắc tay,KAT Jewelry,Vàng 10K,CZ,Valentine
206,SP000206,893000000206,Bông tai Angel,3,2,4,3,1,9.67,9160201,8103255,7046309,44,Bông tai,PNJ,Vàng 18K,Sapphire,Luxury
207,SP000207,893000000207,Bông tai Elegant,3,4,4,6,2,2.37,11794425,10433530,9072635,39,Bông tai,SJC,Vàng 18K,CZ,Wedding
208,SP000208,893000000208,Charm Celina,6,1,2,1,4,1.68,16507221,14602542,12697863,50,Charm,KAT Jewelry,Vàng 10K,Diamond,Minimal
209,SP000209,893000000209,Lắc tay Elegant,4,4,5,6,4,11.24,11044537,9770167,8495798,21,Lắc tay,SJC,Vàng trắng 18K,CZ,Minimal
210,SP000210,893000000210,Dây chuyền Golden Dream,2,3,1,2,4,12.13,20061356,17746584,15431813,52,Dây chuyền,DOJI,Bạc 925,Ruby,Minimal
211,SP000211,893000000211,Vòng tay Shining Star,5,2,2,2,4,6.4,19060983,16861639,14662295,21,Vòng tay,PNJ,Vàng 10K,Ruby,Minimal
212,SP000212,893000000212,Nhẫn Lucky,1,3,4,4,4,13.11,9801647,8670688,7539729,69,Nhẫn,DOJI,Vàng 18K,Emerald,Minimal
213,SP000213,893000000213,Charm Rose Gold,6,2,3,4,5,10.4,9135747,8081622,7027498,44,Charm,PNJ,Vàng 14K,Emerald,Office
214,SP000214,893000000214,Lắc tay Eternal Love,4,4,3,5,1,2.84,21742788,19234005,16725222,5,Lắc tay,SJC,Vàng 14K,Moissanite,Luxury
215,SP000215,893000000215,Dây chuyền Aurora,2,2,2,4,1,14.67,22688954,20070998,17453042,79,Dây chuyền,PNJ,Vàng 10K,Emerald,Luxury
216,SP000216,893000000216,Lắc tay Eternal Love,4,3,2,6,2,6.62,13741880,12156278,10570677,84,Lắc tay,DOJI,Vàng 10K,CZ,Wedding
217,SP000217,893000000217,Lắc tay Princess,4,1,2,3,1,10.99,21518753,19035820,16552887,89,Lắc tay,KAT Jewelry,Vàng 10K,Sapphire,Luxury
218,SP000218,893000000218,Nhẫn Eternal Love,1,2,1,1,1,12.93,7876105,6967324,6058543,10,Nhẫn,PNJ,Bạc 925,Diamond,Luxury
219,SP000219,893000000219,Nhẫn Golden Dream,1,3,5,6,2,6.63,20274689,17935302,15595915,53,Nhẫn,DOJI,Vàng trắng 18K,CZ,Wedding
220,SP000220,893000000220,Lắc tay Eternal Love,4,2,4,2,1,4.6,21154109,18713250,16272392,51,Lắc tay,PNJ,Vàng 18K,Ruby,Luxury
221,SP000221,893000000221,Lắc tay Ocean,4,1,1,4,4,7.78,18603561,16456996,14310432,86,Lắc tay,KAT Jewelry,Bạc 925,Emerald,Minimal
222,SP000222,893000000222,Bông tai Infinity,3,4,2,5,1,2.18,24480557,21655877,18831198,88,Bông tai,SJC,Vàng 10K,Moissanite,Luxury
223,SP000223,893000000223,Lắc tay Princess,4,2,5,3,1,11.26,2575778,2278573,1981368,37,Lắc tay,PNJ,Vàng trắng 18K,Sapphire,Luxury
224,SP000224,893000000224,Bông tai Lucky,3,2,3,6,1,4.89,17686916,15646117,13605320,67,Bông tai,PNJ,Vàng 14K,CZ,Luxury
225,SP000225,893000000225,Bông tai Golden Dream,3,3,3,6,3,7.46,17350639,15348642,13346646,61,Bông tai,DOJI,Vàng 14K,CZ,Valentine
226,SP000226,893000000226,Lắc tay Princess,4,1,2,4,1,14.5,24912858,22038297,19163737,30,Lắc tay,KAT Jewelry,Vàng 10K,Emerald,Luxury
227,SP000227,893000000227,Lắc tay Aurora,4,2,1,5,1,14.49,23575212,20854995,18134779,27,Lắc tay,PNJ,Bạc 925,Moissanite,Luxury
228,SP000228,893000000228,Dây chuyền Eternal Love,2,3,1,1,2,12.42,9625566,8514924,7404282,68,Dây chuyền,DOJI,Bạc 925,Diamond,Wedding
229,SP000229,893000000229,Lắc tay Moonlight,4,4,4,6,1,6.38,5955017,5267900,4580783,83,Lắc tay,SJC,Vàng 18K,CZ,Luxury
230,SP000230,893000000230,Charm Lucky,6,1,1,1,4,6.66,4583309,4054466,3525623,79,Charm,KAT Jewelry,Bạc 925,Diamond,Minimal
231,SP000231,893000000231,Nhẫn Elegant,1,1,1,1,5,13.57,7056866,6242612,5428359,57,Nhẫn,KAT Jewelry,Bạc 925,Diamond,Office
232,SP000232,893000000232,Charm Celina,6,3,3,3,5,11.74,17350864,15348841,13346819,13,Charm,DOJI,Vàng 14K,Sapphire,Office
233,SP000233,893000000233,Vòng tay Lucky,5,1,4,4,5,6.32,5799781,5130575,4461370,47,Vòng tay,KAT Jewelry,Vàng 18K,Emerald,Office
234,SP000234,893000000234,Lắc tay Lucky,4,2,5,6,2,13.4,12378563,10950267,9521972,93,Lắc tay,PNJ,Vàng trắng 18K,CZ,Wedding
235,SP000235,893000000235,Charm Angel,6,1,3,1,3,12.77,1672401,1479432,1286463,52,Charm,KAT Jewelry,Vàng 14K,Diamond,Valentine
236,SP000236,893000000236,Bông tai Luxury,3,2,3,3,3,6.22,25624479,22667808,19711138,84,Bông tai,PNJ,Vàng 14K,Sapphire,Valentine
237,SP000237,893000000237,Nhẫn Golden Dream,1,2,4,3,5,8.83,5969756,5280938,4592120,21,Nhẫn,PNJ,Vàng 18K,Sapphire,Office
238,SP000238,893000000238,Bông tai Luxury,3,2,1,5,4,14.94,8768981,7757175,6745370,24,Bông tai,PNJ,Bạc 925,Moissanite,Minimal
239,SP000239,893000000239,Lắc tay Galaxy,4,2,2,5,2,1.63,9904462,8761639,7618817,71,Lắc tay,PNJ,Vàng 10K,Moissanite,Wedding
240,SP000240,893000000240,Charm Sunshine,6,1,5,3,2,13.84,23483447,20773818,18064190,47,Charm,KAT Jewelry,Vàng trắng 18K,Sapphire,Wedding
241,SP000241,893000000241,Dây chuyền Golden Dream,2,1,2,1,2,12.86,14883376,13166063,11448751,56,Dây chuyền,KAT Jewelry,Vàng 10K,Diamond,Wedding
242,SP000242,893000000242,Lắc tay Moonlight,4,3,2,3,5,1.73,1536406,1359128,1181851,69,Lắc tay,DOJI,Vàng 10K,Sapphire,Office
243,SP000243,893000000243,Dây chuyền Rose Gold,2,3,1,2,3,14.11,9384883,8302012,7219141,62,Dây chuyền,DOJI,Bạc 925,Ruby,Valentine
244,SP000244,893000000244,Nhẫn Royal,1,3,3,6,5,13.89,16782990,14846491,12909993,86,Nhẫn,DOJI,Vàng 14K,CZ,Office
245,SP000245,893000000245,Dây chuyền Aurora,2,2,2,6,3,14.9,11838005,10472081,9106158,93,Dây chuyền,PNJ,Vàng 10K,CZ,Valentine
246,SP000246,893000000246,Lắc tay Harmony,4,4,1,3,5,2.73,4574511,4046683,3518855,8,Lắc tay,SJC,Bạc 925,Sapphire,Office
247,SP000247,893000000247,Vòng tay Royal,5,3,1,1,2,2.79,14840560,13128188,11415816,12,Vòng tay,DOJI,Bạc 925,Diamond,Wedding
248,SP000248,893000000248,Vòng tay Luxury,5,4,3,6,2,13.53,22980553,20328951,17677349,93,Vòng tay,SJC,Vàng 14K,CZ,Wedding
249,SP000249,893000000249,Vòng tay Rose Gold,5,3,2,6,4,1.78,12650029,11190410,9730792,85,Vòng tay,DOJI,Vàng 10K,CZ,Minimal
250,SP000250,893000000250,Vòng tay Shining Star,5,1,4,3,1,11.98,5901364,5220437,4539511,71,Vòng tay,KAT Jewelry,Vàng 18K,Sapphire,Luxury
251,SP000251,893000000251,Dây chuyền Luxury,2,3,4,2,2,7.39,11288407,9985898,8683390,35,Dây chuyền,DOJI,Vàng 18K,Ruby,Wedding
252,SP000252,893000000252,Nhẫn Princess,1,3,2,5,4,12.68,18216160,16114295,14012431,8,Nhẫn,DOJI,Vàng 10K,Moissanite,Minimal
253,SP000253,893000000253,Lắc tay Galaxy,4,1,2,3,5,2.73,9232276,8167013,7101751,13,Lắc tay,KAT Jewelry,Vàng 10K,Sapphire,Office
254,SP000254,893000000254,Nhẫn Sweet Heart,1,4,5,3,1,4.76,7786382,6887953,5989525,12,Nhẫn,SJC,Vàng trắng 18K,Sapphire,Luxury
255,SP000255,893000000255,Charm Elegant,6,4,5,1,3,3.06,11357464,10046987,8736511,90,Charm,SJC,Vàng trắng 18K,Diamond,Valentine
256,SP000256,893000000256,Vòng tay Angel,5,1,3,4,2,9.51,7503626,6637822,5772020,89,Vòng tay,KAT Jewelry,Vàng 14K,Emerald,Wedding
257,SP000257,893000000257,Bông tai Lucky,3,3,4,3,5,5.72,22709217,20088923,17468629,18,Bông tai,DOJI,Vàng 18K,Sapphire,Office
258,SP000258,893000000258,Vòng tay Shining Star,5,1,5,5,3,12.43,12909089,11419579,9930069,85,Vòng tay,KAT Jewelry,Vàng trắng 18K,Moissanite,Valentine
259,SP000259,893000000259,Vòng tay Eternal Love,5,2,4,3,2,6.19,2352165,2080761,1809358,37,Vòng tay,PNJ,Vàng 18K,Sapphire,Wedding
260,SP000260,893000000260,Vòng tay Lucky,5,3,5,2,5,8.98,5169564,4573076,3976588,72,Vòng tay,DOJI,Vàng trắng 18K,Ruby,Office
261,SP000261,893000000261,Vòng tay Rose Gold,5,3,4,6,1,13.7,8666850,7666829,6666808,39,Vòng tay,DOJI,Vàng 18K,CZ,Luxury
262,SP000262,893000000262,Vòng tay Rose Gold,5,1,1,5,1,6.92,15404344,13626920,11849496,7,Vòng tay,KAT Jewelry,Bạc 925,Moissanite,Luxury
263,SP000263,893000000263,Vòng tay Aurora,5,2,5,3,2,7.38,5779215,5112382,4445550,11,Vòng tay,PNJ,Vàng trắng 18K,Sapphire,Wedding
264,SP000264,893000000264,Nhẫn Golden Dream,1,4,3,4,5,8.56,7333700,6487504,5641308,21,Nhẫn,SJC,Vàng 14K,Emerald,Office
265,SP000265,893000000265,Vòng tay Elegant,5,4,1,2,1,3.22,18875655,16697695,14519735,44,Vòng tay,SJC,Bạc 925,Ruby,Luxury
266,SP000266,893000000266,Bông tai Shining Star,3,2,3,4,5,3.32,8991711,7954206,6916701,64,Bông tai,PNJ,Vàng 14K,Emerald,Office
267,SP000267,893000000267,Bông tai Diamond Queen,3,2,2,6,2,4.78,20768736,18372343,15975951,40,Bông tai,PNJ,Vàng 10K,CZ,Wedding
268,SP000268,893000000268,Charm Celina,6,4,3,5,1,8.22,20509489,18143009,15776530,67,Charm,SJC,Vàng 14K,Moissanite,Luxury
269,SP000269,893000000269,Vòng tay Harmony,5,2,2,3,2,4.22,13567100,12001665,10436231,29,Vòng tay,PNJ,Vàng 10K,Sapphire,Wedding
270,SP000270,893000000270,Lắc tay Luxury,4,4,3,4,4,9.99,15138021,13391326,11644632,17,Lắc tay,SJC,Vàng 14K,Emerald,Minimal
271,SP000271,893000000271,Lắc tay Harmony,4,4,2,4,5,5.64,8962577,7928433,6894290,11,Lắc tay,SJC,Vàng 10K,Emerald,Office
272,SP000272,893000000272,Bông tai Sunshine,3,3,1,5,5,12.08,15085613,13344965,11604318,80,Bông tai,DOJI,Bạc 925,Moissanite,Office
273,SP000273,893000000273,Nhẫn Sunshine,1,2,2,6,1,9.8,13267090,11736272,10205454,78,Nhẫn,PNJ,Vàng 10K,CZ,Luxury
274,SP000274,893000000274,Lắc tay Diamond Queen,4,1,3,3,4,5.26,8049917,7121080,6192244,14,Lắc tay,KAT Jewelry,Vàng 14K,Sapphire,Minimal
275,SP000275,893000000275,Bông tai Angel,3,2,5,3,2,3.53,1991880,1762048,1532216,22,Bông tai,PNJ,Vàng trắng 18K,Sapphire,Wedding
276,SP000276,893000000276,Charm Lucky,6,3,2,3,3,2.26,11889649,10517766,9145884,21,Charm,DOJI,Vàng 10K,Sapphire,Valentine
277,SP000277,893000000277,Bông tai Elegant,3,1,5,6,5,10.99,20673499,18288095,15902692,57,Bông tai,KAT Jewelry,Vàng trắng 18K,CZ,Office
278,SP000278,893000000278,Vòng tay Ocean,5,2,1,6,4,11.67,16871480,14924771,12978062,6,Vòng tay,PNJ,Bạc 925,CZ,Minimal
279,SP000279,893000000279,Charm Celina,6,2,4,6,2,14.85,22313060,19738476,17163893,49,Charm,PNJ,Vàng 18K,CZ,Wedding
280,SP000280,893000000280,Vòng tay Aurora,5,1,2,2,4,5.81,25571963,22621352,19670741,16,Vòng tay,KAT Jewelry,Vàng 10K,Ruby,Minimal
281,SP000281,893000000281,Dây chuyền Elegant,2,2,3,2,1,14.26,6520993,5768571,5016149,24,Dây chuyền,PNJ,Vàng 14K,Ruby,Luxury
282,SP000282,893000000282,Nhẫn Galaxy,1,1,2,2,3,13.01,9983595,8831642,7679689,99,Nhẫn,KAT Jewelry,Vàng 10K,Ruby,Valentine
283,SP000283,893000000283,Dây chuyền Princess,2,1,5,1,2,14.7,9498824,8402806,7306788,32,Dây chuyền,KAT Jewelry,Vàng trắng 18K,Diamond,Wedding
284,SP000284,893000000284,Bông tai Royal,3,3,2,3,4,2.71,7510427,6643839,5777252,80,Bông tai,DOJI,Vàng 10K,Sapphire,Minimal
285,SP000285,893000000285,Bông tai Diamond Queen,3,2,2,1,2,14.31,6209359,5492894,4776430,84,Bông tai,PNJ,Vàng 10K,Diamond,Wedding
286,SP000286,893000000286,Charm Golden Dream,6,4,4,5,2,1.58,3106273,2747857,2389441,26,Charm,SJC,Vàng 18K,Moissanite,Wedding
287,SP000287,893000000287,Lắc tay Rose Gold,4,4,2,4,4,8.0,10898911,9641344,8383778,55,Lắc tay,SJC,Vàng 10K,Emerald,Minimal
288,SP000288,893000000288,Bông tai Galaxy,3,1,4,3,3,12.36,11145011,9859048,8573086,72,Bông tai,KAT Jewelry,Vàng 18K,Sapphire,Valentine
289,SP000289,893000000289,Bông tai Galaxy,3,4,3,5,3,6.46,4921805,4353904,3786004,9,Bông tai,SJC,Vàng 14K,Moissanite,Valentine
290,SP000290,893000000290,Lắc tay Princess,4,1,4,3,4,5.03,14771023,13066674,11362326,38,Lắc tay,KAT Jewelry,Vàng 18K,Sapphire,Minimal
291,SP000291,893000000291,Lắc tay Angel,4,2,3,6,1,8.94,19063989,16864298,14664607,7,Lắc tay,PNJ,Vàng 14K,CZ,Luxury
292,SP000292,893000000292,Nhẫn Aurora,1,1,5,2,1,2.82,15283078,13519646,11756214,92,Nhẫn,KAT Jewelry,Vàng trắng 18K,Ruby,Luxury
293,SP000293,893000000293,Bông tai Golden Dream,3,2,2,3,5,6.85,5223702,4620967,4018233,37,Bông tai,PNJ,Vàng 10K,Sapphire,Office
294,SP000294,893000000294,Dây chuyền Aurora,2,1,1,1,4,9.64,20611090,18232887,15854685,19,Dây chuyền,KAT Jewelry,Bạc 925,Diamond,Minimal
295,SP000295,893000000295,Vòng tay Rose Gold,5,1,4,6,5,1.56,2326130,2057730,1789331,39,Vòng tay,KAT Jewelry,Vàng 18K,CZ,Office
296,SP000296,893000000296,Dây chuyền Aurora,2,1,2,6,1,14.52,7282780,6442459,5602139,41,Dây chuyền,KAT Jewelry,Vàng 10K,CZ,Luxury
297,SP000297,893000000297,Dây chuyền Rose Gold,2,4,4,5,1,14.16,3729757,3299400,2869044,69,Dây chuyền,SJC,Vàng 18K,Moissanite,Luxury
298,SP000298,893000000298,Dây chuyền Diamond Queen,2,2,2,4,1,3.24,19424399,17183122,14941846,75,Dây chuyền,PNJ,Vàng 10K,Emerald,Luxury
299,SP000299,893000000299,Vòng tay Diamond Queen,5,4,3,1,3,2.35,10443833,9238775,8033718,47,Vòng tay,SJC,Vàng 14K,Diamond,Valentine
300,SP000300,893000000300,Lắc tay Luxury,4,2,4,4,5,9.11,20713031,18323066,15933101,37,Lắc tay,PNJ,Vàng 18K,Emerald,Office
301,SP000301,893000000301,Bông tai Luxury,3,1,3,2,1,5.92,23179464,20504910,17830357,40,Bông tai,KAT Jewelry,Vàng 14K,Ruby,Luxury
302,SP000302,893000000302,Nhẫn Moonlight,1,1,5,4,1,14.4,1904905,1685108,1465312,70,Nhẫn,KAT Jewelry,Vàng trắng 18K,Emerald,Luxury
303,SP000303,893000000303,Vòng tay Luxury,5,1,2,5,3,13.41,19460829,17215349,14969869,42,Vòng tay,KAT Jewelry,Vàng 10K,Moissanite,Valentine
304,SP000304,893000000304,Bông tai Angel,3,1,5,6,2,6.74,24317139,21511315,18705492,38,Bông tai,KAT Jewelry,Vàng trắng 18K,CZ,Wedding
305,SP000305,893000000305,Bông tai Ocean,3,4,4,4,5,10.49,19848099,17557934,15267769,32,Bông tai,SJC,Vàng 18K,Emerald,Office
306,SP000306,893000000306,Lắc tay Rose Gold,4,1,2,5,5,13.97,9109540,8058439,7007339,51,Lắc tay,KAT Jewelry,Vàng 10K,Moissanite,Office
307,SP000307,893000000307,Vòng tay Diamond Queen,5,4,4,1,1,14.54,2970393,2627655,2284918,40,Vòng tay,SJC,Vàng 18K,Diamond,Luxury
308,SP000308,893000000308,Vòng tay Ocean,5,3,5,2,4,6.73,23205555,20527991,17850427,91,Vòng tay,DOJI,Vàng trắng 18K,Ruby,Minimal
309,SP000309,893000000309,Bông tai Sunshine,3,4,1,5,1,1.88,16160657,14295966,12431275,40,Bông tai,SJC,Bạc 925,Moissanite,Luxury
310,SP000310,893000000310,Nhẫn Celina,1,1,1,2,3,4.37,10351478,9157077,7962676,64,Nhẫn,KAT Jewelry,Bạc 925,Ruby,Valentine
311,SP000311,893000000311,Nhẫn Diamond Queen,1,4,1,1,2,5.41,20701272,18312664,15924056,93,Nhẫn,SJC,Bạc 925,Diamond,Wedding
312,SP000312,893000000312,Charm Angel,6,2,2,1,4,6.35,22250953,19683535,17116118,78,Charm,PNJ,Vàng 10K,Diamond,Minimal
313,SP000313,893000000313,Dây chuyền Harmony,2,3,5,5,5,7.73,2770705,2451008,2131312,5,Dây chuyền,DOJI,Vàng trắng 18K,Moissanite,Office
314,SP000314,893000000314,Nhẫn Infinity,1,1,4,2,3,8.7,21535304,19050461,16565619,6,Nhẫn,KAT Jewelry,Vàng 18K,Ruby,Valentine
315,SP000315,893000000315,Lắc tay Harmony,4,4,2,2,1,7.08,7916762,7003289,6089817,78,Lắc tay,SJC,Vàng 10K,Ruby,Luxury
316,SP000316,893000000316,Bông tai Ocean,3,1,1,1,5,14.02,19653730,17385992,15118254,34,Bông tai,KAT Jewelry,Bạc 925,Diamond,Office
317,SP000317,893000000317,Charm Shining Star,6,1,2,6,1,13.74,3451035,3052839,2654643,20,Charm,KAT Jewelry,Vàng 10K,CZ,Luxury
318,SP000318,893000000318,Vòng tay Aurora,5,3,2,1,1,10.42,23570935,20851212,18131489,45,Vòng tay,DOJI,Vàng 10K,Diamond,Luxury
319,SP000319,893000000319,Dây chuyền Rose Gold,2,2,5,1,4,2.5,17175754,15193936,13212119,81,Dây chuyền,PNJ,Vàng trắng 18K,Diamond,Minimal
320,SP000320,893000000320,Bông tai Angel,3,1,2,1,1,10.32,13927009,12320046,10713084,30,Bông tai,KAT Jewelry,Vàng 10K,Diamond,Luxury
321,SP000321,893000000321,Bông tai Golden Dream,3,4,2,4,3,13.51,9556944,8454220,7351496,36,Bông tai,SJC,Vàng 10K,Emerald,Valentine
322,SP000322,893000000322,Bông tai Harmony,3,3,5,6,1,9.41,4789634,4236984,3684334,55,Bông tai,DOJI,Vàng trắng 18K,CZ,Luxury
323,SP000323,893000000323,Vòng tay Luxury,5,2,1,6,4,13.03,8114299,7178034,6241769,58,Vòng tay,PNJ,Bạc 925,CZ,Minimal
324,SP000324,893000000324,Dây chuyền Moonlight,2,3,2,3,3,5.46,5235456,4631365,4027274,52,Dây chuyền,DOJI,Vàng 10K,Sapphire,Valentine
325,SP000325,893000000325,Nhẫn Royal,1,3,3,3,5,14.43,16561482,14650542,12739602,47,Nhẫn,DOJI,Vàng 14K,Sapphire,Office
326,SP000326,893000000326,Nhẫn Royal,1,4,2,5,3,7.71,10657286,9427599,8197913,20,Nhẫn,SJC,Vàng 10K,Moissanite,Valentine
327,SP000327,893000000327,Nhẫn Celina,1,1,4,5,3,8.14,6561107,5804056,5047006,56,Nhẫn,KAT Jewelry,Vàng 18K,Moissanite,Valentine
328,SP000328,893000000328,Vòng tay Aurora,5,1,2,5,3,5.9,19906025,17609176,15312327,72,Vòng tay,KAT Jewelry,Vàng 10K,Moissanite,Valentine
329,SP000329,893000000329,Dây chuyền Sweet Heart,2,2,5,6,2,6.46,13517918,11958158,10398399,93,Dây chuyền,PNJ,Vàng trắng 18K,CZ,Wedding
330,SP000330,893000000330,Charm Galaxy,6,1,5,1,1,13.23,21871930,19348246,16824562,49,Charm,KAT Jewelry,Vàng trắng 18K,Diamond,Luxury
331,SP000331,893000000331,Dây chuyền Diamond Queen,2,3,1,3,1,11.71,16419785,14525194,12630604,27,Dây chuyền,DOJI,Bạc 925,Sapphire,Luxury
332,SP000332,893000000332,Lắc tay Royal,4,1,4,1,3,2.55,16273428,14395725,12518022,86,Lắc tay,KAT Jewelry,Vàng 18K,Diamond,Valentine
333,SP000333,893000000333,Vòng tay Golden Dream,5,3,2,6,4,6.16,4723884,4178820,3633757,52,Vòng tay,DOJI,Vàng 10K,CZ,Minimal
334,SP000334,893000000334,Bông tai Angel,3,1,1,1,3,12.21,7901528,6989813,6078099,47,Bông tai,KAT Jewelry,Bạc 925,Diamond,Valentine
335,SP000335,893000000335,Vòng tay Elegant,5,3,4,3,1,11.29,6359823,5625997,4892172,25,Vòng tay,DOJI,Vàng 18K,Sapphire,Luxury
336,SP000336,893000000336,Nhẫn Royal,1,3,3,1,1,3.2,20788903,18390183,15991464,80,Nhẫn,DOJI,Vàng 14K,Diamond,Luxury
337,SP000337,893000000337,Dây chuyền Luxury,2,2,1,3,4,12.98,16155694,14291575,12427457,44,Dây chuyền,PNJ,Bạc 925,Sapphire,Minimal
338,SP000338,893000000338,Dây chuyền Harmony,2,4,5,1,2,7.11,11491142,10165241,8839340,78,Dây chuyền,SJC,Vàng trắng 18K,Diamond,Wedding
339,SP000339,893000000339,Vòng tay Sweet Heart,5,2,4,2,3,12.67,7585126,6709919,5834713,96,Vòng tay,PNJ,Vàng 18K,Ruby,Valentine
340,SP000340,893000000340,Nhẫn Sunshine,1,2,3,4,4,7.68,2512853,2222908,1932964,81,Nhẫn,PNJ,Vàng 14K,Emerald,Minimal
341,SP000341,893000000341,Lắc tay Ocean,4,3,1,4,5,6.5,24878704,22008084,19137465,14,Lắc tay,DOJI,Bạc 925,Emerald,Office
342,SP000342,893000000342,Bông tai Diamond Queen,3,4,5,1,5,10.89,3872319,3425513,2978707,65,Bông tai,SJC,Vàng trắng 18K,Diamond,Office
343,SP000343,893000000343,Vòng tay Aurora,5,2,1,5,3,14.76,17874359,15811933,13749507,89,Vòng tay,PNJ,Bạc 925,Moissanite,Valentine
344,SP000344,893000000344,Nhẫn Celina,1,3,2,4,3,14.06,15192156,13439215,11686274,66,Nhẫn,DOJI,Vàng 10K,Emerald,Valentine
345,SP000345,893000000345,Dây chuyền Galaxy,2,1,1,5,1,11.05,24716330,21864446,19012562,22,Dây chuyền,KAT Jewelry,Bạc 925,Moissanite,Luxury
346,SP000346,893000000346,Lắc tay Lucky,4,2,2,4,5,13.6,15198565,13444884,11691204,57,Lắc tay,PNJ,Vàng 10K,Emerald,Office
347,SP000347,893000000347,Charm Celina,6,2,3,5,3,9.14,10484449,9274705,8064961,76,Charm,PNJ,Vàng 14K,Moissanite,Valentine
348,SP000348,893000000348,Charm Shining Star,6,3,5,4,4,9.08,16075438,14220580,12365722,46,Charm,DOJI,Vàng trắng 18K,Emerald,Minimal
349,SP000349,893000000349,Nhẫn Ocean,1,1,1,6,4,1.79,19870600,17577838,15285077,13,Nhẫn,KAT Jewelry,Bạc 925,CZ,Minimal
350,SP000350,893000000350,Nhẫn Ocean,1,1,5,2,1,11.34,12090591,10695523,9300455,57,Nhẫn,KAT Jewelry,Vàng trắng 18K,Ruby,Luxury
351,SP000351,893000000351,Dây chuyền Sweet Heart,2,1,5,2,4,13.0,13618008,12046699,10475391,19,Dây chuyền,KAT Jewelry,Vàng trắng 18K,Ruby,Minimal
352,SP000352,893000000352,Bông tai Infinity,3,2,1,5,4,10.69,22014922,19474739,16934556,71,Bông tai,PNJ,Bạc 925,Moissanite,Minimal
353,SP000353,893000000353,Dây chuyền Celina,2,4,1,5,5,13.07,17335247,15335026,13334806,59,Dây chuyền,SJC,Bạc 925,Moissanite,Office
354,SP000354,893000000354,Bông tai Ocean,3,3,5,6,2,11.2,14109722,12481677,10853633,87,Bông tai,DOJI,Vàng trắng 18K,CZ,Wedding
355,SP000355,893000000355,Bông tai Rose Gold,3,3,4,2,1,3.0,19241391,17021230,14801070,14,Bông tai,DOJI,Vàng 18K,Ruby,Luxury
356,SP000356,893000000356,Bông tai Princess,3,2,5,3,2,2.81,23139278,20469361,17799445,11,Bông tai,PNJ,Vàng trắng 18K,Sapphire,Wedding
357,SP000357,893000000357,Vòng tay Elegant,5,4,3,5,2,5.46,4857102,4296667,3736233,31,Vòng tay,SJC,Vàng 14K,Moissanite,Wedding
358,SP000358,893000000358,Charm Diamond Queen,6,4,1,3,2,7.02,8803419,7787640,6771861,31,Charm,SJC,Bạc 925,Sapphire,Wedding
359,SP000359,893000000359,Lắc tay Moonlight,4,3,1,5,3,4.54,18193067,16093867,13994667,49,Lắc tay,DOJI,Bạc 925,Moissanite,Valentine
360,SP000360,893000000360,Vòng tay Princess,5,3,4,4,2,4.76,17479616,15462737,13445859,12,Vòng tay,DOJI,Vàng 18K,Emerald,Wedding
361,SP000361,893000000361,Dây chuyền Rose Gold,2,4,1,5,2,5.18,2131412,1885480,1639548,46,Dây chuyền,SJC,Bạc 925,Moissanite,Wedding
362,SP000362,893000000362,Vòng tay Luxury,5,1,5,6,5,4.74,18686057,16529973,14373890,44,Vòng tay,KAT Jewelry,Vàng trắng 18K,CZ,Office
363,SP000363,893000000363,Vòng tay Angel,5,4,1,6,1,3.06,13943365,12334515,10725666,48,Vòng tay,SJC,Bạc 925,CZ,Luxury
364,SP000364,893000000364,Lắc tay Angel,4,2,3,6,4,2.9,14254399,12609661,10964923,61,Lắc tay,PNJ,Vàng 14K,CZ,Minimal
365,SP000365,893000000365,Nhẫn Sweet Heart,1,3,5,6,1,4.08,15480351,13694157,11907963,93,Nhẫn,DOJI,Vàng trắng 18K,CZ,Luxury
366,SP000366,893000000366,Dây chuyền Harmony,2,3,1,6,1,12.73,7038014,6225935,5413857,76,Dây chuyền,DOJI,Bạc 925,CZ,Luxury
367,SP000367,893000000367,Vòng tay Ocean,5,3,2,3,4,5.6,21910738,19382576,16854414,25,Vòng tay,DOJI,Vàng 10K,Sapphire,Minimal
368,SP000368,893000000368,Bông tai Eternal Love,3,2,4,3,3,10.79,21192004,18746773,16301542,67,Bông tai,PNJ,Vàng 18K,Sapphire,Valentine
369,SP000369,893000000369,Charm Diamond Queen,6,4,4,3,3,6.87,10752264,9511618,8270973,43,Charm,SJC,Vàng 18K,Sapphire,Valentine
370,SP000370,893000000370,Vòng tay Harmony,5,4,4,3,1,12.67,16487087,14584731,12682375,84,Vòng tay,SJC,Vàng 18K,Sapphire,Luxury
371,SP000371,893000000371,Charm Rose Gold,6,3,1,2,4,10.83,15596681,13797064,11997447,93,Charm,DOJI,Bạc 925,Ruby,Minimal
372,SP000372,893000000372,Bông tai Lucky,3,1,1,2,1,14.27,11933021,10556134,9179247,16,Bông tai,KAT Jewelry,Bạc 925,Ruby,Luxury
373,SP000373,893000000373,Vòng tay Infinity,5,1,5,5,3,1.77,17596085,15565767,13535450,39,Vòng tay,KAT Jewelry,Vàng trắng 18K,Moissanite,Valentine
374,SP000374,893000000374,Lắc tay Ocean,4,1,5,6,4,3.34,17616582,15583899,13551217,37,Lắc tay,KAT Jewelry,Vàng trắng 18K,CZ,Minimal
375,SP000375,893000000375,Dây chuyền Rose Gold,2,3,4,6,3,11.25,22543381,19942222,17341063,42,Dây chuyền,DOJI,Vàng 18K,CZ,Valentine
376,SP000376,893000000376,Nhẫn Sweet Heart,1,3,2,5,5,12.24,7479061,6616092,5753124,96,Nhẫn,DOJI,Vàng 10K,Moissanite,Office
377,SP000377,893000000377,Lắc tay Aurora,4,1,3,6,5,13.97,12231914,10820539,9409165,81,Lắc tay,KAT Jewelry,Vàng 14K,CZ,Office
378,SP000378,893000000378,Vòng tay Lucky,5,2,5,4,2,3.93,5459248,4829335,4199422,97,Vòng tay,PNJ,Vàng trắng 18K,Emerald,Wedding
379,SP000379,893000000379,Nhẫn Royal,1,3,4,4,5,9.36,11024419,9752371,8480323,65,Nhẫn,DOJI,Vàng 18K,Emerald,Office
380,SP000380,893000000380,Bông tai Moonlight,3,1,3,2,4,4.04,7759711,6864360,5969009,58,Bông tai,KAT Jewelry,Vàng 14K,Ruby,Minimal
381,SP000381,893000000381,Charm Golden Dream,6,2,3,4,4,10.51,3635754,3216244,2796734,41,Charm,PNJ,Vàng 14K,Emerald,Minimal
382,SP000382,893000000382,Vòng tay Moonlight,5,1,2,1,4,1.8,23997672,21228710,18459748,16,Vòng tay,KAT Jewelry,Vàng 10K,Diamond,Minimal
383,SP000383,893000000383,Bông tai Lucky,3,4,2,2,5,14.49,21556385,19069110,16581835,68,Bông tai,SJC,Vàng 10K,Ruby,Office
384,SP000384,893000000384,Lắc tay Ocean,4,1,2,6,3,13.93,7946719,7029790,6112861,11,Lắc tay,KAT Jewelry,Vàng 10K,CZ,Valentine
385,SP000385,893000000385,Vòng tay Royal,5,2,3,6,2,8.0,9022052,7981045,6940040,86,Vòng tay,PNJ,Vàng 14K,CZ,Wedding
386,SP000386,893000000386,Nhẫn Luxury,1,1,3,1,5,6.11,11489944,10164181,8838419,90,Nhẫn,KAT Jewelry,Vàng 14K,Diamond,Office
387,SP000387,893000000387,Lắc tay Shining Star,4,2,5,3,2,7.16,3436274,3039781,2643288,87,Lắc tay,PNJ,Vàng trắng 18K,Sapphire,Wedding
388,SP000388,893000000388,Lắc tay Harmony,4,2,2,3,1,12.21,12500788,11058389,9615991,25,Lắc tay,PNJ,Vàng 10K,Sapphire,Luxury
389,SP000389,893000000389,Charm Golden Dream,6,2,1,2,5,5.61,2247745,1988390,1729035,67,Charm,PNJ,Bạc 925,Ruby,Office
390,SP000390,893000000390,Lắc tay Lucky,4,3,2,4,5,3.9,7428418,6571293,5714168,99,Lắc tay,DOJI,Vàng 10K,Emerald,Office
391,SP000391,893000000391,Nhẫn Royal,1,4,3,2,5,14.09,14598944,12914450,11229957,84,Nhẫn,SJC,Vàng 14K,Ruby,Office
392,SP000392,893000000392,Vòng tay Infinity,5,2,2,4,4,12.72,2439684,2158182,1876680,20,Vòng tay,PNJ,Vàng 10K,Emerald,Minimal
393,SP000393,893000000393,Vòng tay Princess,5,2,3,3,5,9.07,15902198,14067328,12232460,75,Vòng tay,PNJ,Vàng 14K,Sapphire,Office
394,SP000394,893000000394,Bông tai Sunshine,3,2,4,6,2,8.73,14325309,12672389,11019469,75,Bông tai,PNJ,Vàng 18K,CZ,Wedding
395,SP000395,893000000395,Lắc tay Eternal Love,4,2,1,2,2,6.1,15941796,14102357,12262920,25,Lắc tay,PNJ,Bạc 925,Ruby,Wedding
396,SP000396,893000000396,Bông tai Golden Dream,3,1,4,3,4,8.0,2735462,2419832,2104202,36,Bông tai,KAT Jewelry,Vàng 18K,Sapphire,Minimal
397,SP000397,893000000397,Bông tai Moonlight,3,3,3,3,1,12.52,23886813,21130642,18374472,14,Bông tai,DOJI,Vàng 14K,Sapphire,Luxury
398,SP000398,893000000398,Vòng tay Shining Star,5,3,4,5,4,7.11,4672398,4133275,3594153,41,Vòng tay,DOJI,Vàng 18K,Moissanite,Minimal
399,SP000399,893000000399,Charm Rose Gold,6,1,5,5,1,13.63,2042288,1806639,1570991,47,Charm,KAT Jewelry,Vàng trắng 18K,Moissanite,Luxury
400,SP000400,893000000400,Bông tai Sunshine,3,1,3,3,5,3.28,19389256,17152034,14914813,24,Bông tai,KAT Jewelry,Vàng 14K,Sapphire,Office
401,SP000401,893000000401,Bông tai Royal,3,4,4,6,4,8.0,3227628,2855209,2482791,60,Bông tai,SJC,Vàng 18K,CZ,Minimal
402,SP000402,893000000402,Charm Lucky,6,1,3,1,5,13.21,14448552,12781411,11114271,96,Charm,KAT Jewelry,Vàng 14K,Diamond,Office
403,SP000403,893000000403,Lắc tay Golden Dream,4,2,5,6,2,9.4,10108987,8942565,7776144,40,Lắc tay,PNJ,Vàng trắng 18K,CZ,Wedding
404,SP000404,893000000404,Charm Harmony,6,3,3,1,4,14.07,24793579,21932781,19071984,68,Charm,DOJI,Vàng 14K,Diamond,Minimal
405,SP000405,893000000405,Lắc tay Ocean,4,3,2,1,4,7.28,6786774,6003685,5220596,92,Lắc tay,DOJI,Vàng 10K,Diamond,Minimal
406,SP000406,893000000406,Charm Lucky,6,2,3,1,2,7.46,1821869,1611653,1401438,37,Charm,PNJ,Vàng 14K,Diamond,Wedding
407,SP000407,893000000407,Vòng tay Lucky,5,1,2,4,2,9.1,22242654,19676194,17109734,11,Vòng tay,KAT Jewelry,Vàng 10K,Emerald,Wedding
408,SP000408,893000000408,Charm Diamond Queen,6,2,1,1,4,12.39,17462807,15447868,13432929,67,Charm,PNJ,Bạc 925,Diamond,Minimal
409,SP000409,893000000409,Charm Sweet Heart,6,4,1,3,4,5.33,25383281,22454441,19525601,56,Charm,SJC,Bạc 925,Sapphire,Minimal
410,SP000410,893000000410,Bông tai Sweet Heart,3,2,2,5,4,11.97,12647688,11188339,9728991,29,Bông tai,PNJ,Vàng 10K,Moissanite,Minimal
411,SP000411,893000000411,Lắc tay Ocean,4,2,5,3,1,11.88,15292733,13528187,11763641,19,Lắc tay,PNJ,Vàng trắng 18K,Sapphire,Luxury
412,SP000412,893000000412,Vòng tay Golden Dream,5,2,4,4,2,11.53,5966347,5277922,4589498,17,Vòng tay,PNJ,Vàng 18K,Emerald,Wedding
413,SP000413,893000000413,Vòng tay Shining Star,5,3,3,3,4,13.25,19949073,17647257,15345441,38,Vòng tay,DOJI,Vàng 14K,Sapphire,Minimal
414,SP000414,893000000414,Lắc tay Angel,4,3,3,6,2,12.6,8838663,7818817,6798972,53,Lắc tay,DOJI,Vàng 14K,CZ,Wedding
415,SP000415,893000000415,Nhẫn Sunshine,1,2,4,2,1,6.43,23483261,20773654,18064047,24,Nhẫn,PNJ,Vàng 18K,Ruby,Luxury
416,SP000416,893000000416,Lắc tay Infinity,4,4,3,6,4,8.51,17524717,15502634,13480552,72,Lắc tay,SJC,Vàng 14K,CZ,Minimal
417,SP000417,893000000417,Lắc tay Diamond Queen,4,2,2,1,4,7.69,1927702,1705275,1482848,48,Lắc tay,PNJ,Vàng 10K,Diamond,Minimal
418,SP000418,893000000418,Charm Sunshine,6,1,3,3,3,10.33,6732468,5955645,5178822,16,Charm,KAT Jewelry,Vàng 14K,Sapphire,Valentine
419,SP000419,893000000419,Lắc tay Rose Gold,4,4,1,4,4,10.66,14450529,12783160,11115792,69,Lắc tay,SJC,Bạc 925,Emerald,Minimal
420,SP000420,893000000420,Bông tai Sweet Heart,3,1,4,3,4,10.57,7580608,6705922,5831237,64,Bông tai,KAT Jewelry,Vàng 18K,Sapphire,Minimal
421,SP000421,893000000421,Lắc tay Aurora,4,2,3,4,1,12.52,22589235,19982785,17376335,38,Lắc tay,PNJ,Vàng 14K,Emerald,Luxury
422,SP000422,893000000422,Vòng tay Ocean,5,1,5,3,5,4.27,12003004,10618042,9233080,9,Vòng tay,KAT Jewelry,Vàng trắng 18K,Sapphire,Office
423,SP000423,893000000423,Vòng tay Rose Gold,5,1,2,3,5,9.58,11205935,9912942,8619950,61,Vòng tay,KAT Jewelry,Vàng 10K,Sapphire,Office
424,SP000424,893000000424,Charm Ocean,6,1,5,4,2,8.88,19568438,17310541,15052645,88,Charm,KAT Jewelry,Vàng trắng 18K,Emerald,Wedding
425,SP000425,893000000425,Bông tai Moonlight,3,1,4,1,5,11.07,12382069,10953369,9524669,28,Bông tai,KAT Jewelry,Vàng 18K,Diamond,Office
426,SP000426,893000000426,Bông tai Galaxy,3,4,3,5,3,13.29,22978827,20327424,17676021,80,Bông tai,SJC,Vàng 14K,Moissanite,Valentine
427,SP000427,893000000427,Bông tai Sweet Heart,3,2,2,6,3,12.41,12881666,11395320,9908974,53,Bông tai,PNJ,Vàng 10K,CZ,Valentine
428,SP000428,893000000428,Vòng tay Galaxy,5,2,1,6,1,13.99,8623074,7628104,6633134,82,Vòng tay,PNJ,Bạc 925,CZ,Luxury
429,SP000429,893000000429,Charm Eternal Love,6,2,5,3,1,4.52,13157569,11639388,10121207,94,Charm,PNJ,Vàng trắng 18K,Sapphire,Luxury
430,SP000430,893000000430,Bông tai Shining Star,3,2,2,1,3,5.76,11677101,10329743,8982386,25,Bông tai,PNJ,Vàng 10K,Diamond,Valentine
431,SP000431,893000000431,Charm Ocean,6,4,3,2,5,3.03,3483711,3081744,2679778,86,Charm,SJC,Vàng 14K,Ruby,Office
432,SP000432,893000000432,Lắc tay Celina,4,1,2,4,2,10.79,25961408,22965861,19970314,70,Lắc tay,KAT Jewelry,Vàng 10K,Emerald,Wedding
433,SP000433,893000000433,Nhẫn Infinity,1,3,3,5,5,1.86,2223429,1966879,1710330,47,Nhẫn,DOJI,Vàng 14K,Moissanite,Office
434,SP000434,893000000434,Nhẫn Golden Dream,1,4,3,3,2,10.74,20511341,18144648,15777955,33,Nhẫn,SJC,Vàng 14K,Sapphire,Wedding
435,SP000435,893000000435,Dây chuyền Diamond Queen,2,1,1,1,3,3.47,4349985,3848064,3346143,28,Dây chuyền,KAT Jewelry,Bạc 925,Diamond,Valentine
436,SP000436,893000000436,Nhẫn Lucky,1,4,5,5,1,8.65,8088441,7155159,6221878,96,Nhẫn,SJC,Vàng trắng 18K,Moissanite,Luxury
437,SP000437,893000000437,Dây chuyền Eternal Love,2,1,5,5,2,7.98,20884762,18474982,16065202,18,Dây chuyền,KAT Jewelry,Vàng trắng 18K,Moissanite,Wedding
438,SP000438,893000000438,Lắc tay Infinity,4,1,4,4,1,4.96,19966047,17662272,15358498,22,Lắc tay,KAT Jewelry,Vàng 18K,Emerald,Luxury
439,SP000439,893000000439,Dây chuyền Luxury,2,2,2,4,5,8.12,11444083,10123612,8803141,46,Dây chuyền,PNJ,Vàng 10K,Emerald,Office
440,SP000440,893000000440,Dây chuyền Galaxy,2,2,2,6,5,11.37,21263667,18810167,16356667,15,Dây chuyền,PNJ,Vàng 10K,CZ,Office
441,SP000441,893000000441,Bông tai Rose Gold,3,1,1,4,4,14.23,18385006,16263659,14142313,66,Bông tai,KAT Jewelry,Bạc 925,Emerald,Minimal
442,SP000442,893000000442,Lắc tay Moonlight,4,3,4,2,1,4.43,14674667,12981436,11288206,86,Lắc tay,DOJI,Vàng 18K,Ruby,Luxury
443,SP000443,893000000443,Bông tai Princess,3,2,4,5,1,12.99,15873432,14041882,12210333,90,Bông tai,PNJ,Vàng 18K,Moissanite,Luxury
444,SP000444,893000000444,Dây chuyền Infinity,2,4,3,1,1,2.74,24721344,21868881,19016419,15,Dây chuyền,SJC,Vàng 14K,Diamond,Luxury
445,SP000445,893000000445,Vòng tay Princess,5,1,2,1,1,13.05,3753037,3319994,2886952,94,Vòng tay,KAT Jewelry,Vàng 10K,Diamond,Luxury
446,SP000446,893000000446,Bông tai Infinity,3,3,1,5,1,12.25,10227214,9047151,7867088,97,Bông tai,DOJI,Bạc 925,Moissanite,Luxury
447,SP000447,893000000447,Lắc tay Golden Dream,4,4,4,2,5,13.63,13793804,12202211,10610619,48,Lắc tay,SJC,Vàng 18K,Ruby,Office
448,SP000448,893000000448,Bông tai Luxury,3,4,3,2,2,14.22,1655313,1464315,1273318,77,Bông tai,SJC,Vàng 14K,Ruby,Wedding
449,SP000449,893000000449,Nhẫn Shining Star,1,1,3,1,5,8.88,7676975,6791170,5905366,19,Nhẫn,KAT Jewelry,Vàng 14K,Diamond,Office
450,SP000450,893000000450,Lắc tay Angel,4,3,3,2,5,11.79,19208894,16992483,14776073,67,Lắc tay,DOJI,Vàng 14K,Ruby,Office
451,SP000451,893000000451,Bông tai Aurora,3,3,5,4,2,6.94,18801455,16632056,14462658,5,Bông tai,DOJI,Vàng trắng 18K,Emerald,Wedding
452,SP000452,893000000452,Vòng tay Infinity,5,4,2,5,4,2.39,6422656,5681580,4940505,76,Vòng tay,SJC,Vàng 10K,Moissanite,Minimal
453,SP000453,893000000453,Lắc tay Angel,4,3,5,2,2,13.9,24897288,22024524,19151760,96,Lắc tay,DOJI,Vàng trắng 18K,Ruby,Wedding
454,SP000454,893000000454,Bông tai Elegant,3,3,3,2,4,2.09,24379043,21566076,18753110,75,Bông tai,DOJI,Vàng 14K,Ruby,Minimal
455,SP000455,893000000455,Bông tai Shining Star,3,4,4,6,4,14.16,2445683,2163489,1881295,92,Bông tai,SJC,Vàng 18K,CZ,Minimal
456,SP000456,893000000456,Vòng tay Moonlight,5,3,3,2,5,10.96,1907183,1687123,1467064,6,Vòng tay,DOJI,Vàng 14K,Ruby,Office
457,SP000457,893000000457,Bông tai Infinity,3,1,4,1,4,9.66,24221919,21427082,18632246,84,Bông tai,KAT Jewelry,Vàng 18K,Diamond,Minimal
458,SP000458,893000000458,Charm Lucky,6,3,5,1,2,6.75,3104580,2746359,2388139,5,Charm,DOJI,Vàng trắng 18K,Diamond,Wedding
459,SP000459,893000000459,Lắc tay Elegant,4,2,4,5,1,9.01,21165935,18723712,16281489,89,Lắc tay,PNJ,Vàng 18K,Moissanite,Luxury
460,SP000460,893000000460,Charm Elegant,6,2,4,5,2,2.65,15973168,14130110,12287053,19,Charm,PNJ,Vàng 18K,Moissanite,Wedding
461,SP000461,893000000461,Dây chuyền Princess,2,2,2,5,4,2.57,13898840,12295128,10691416,80,Dây chuyền,PNJ,Vàng 10K,Moissanite,Minimal
462,SP000462,893000000462,Dây chuyền Golden Dream,2,1,4,6,4,2.15,16447832,14550005,12652179,74,Dây chuyền,KAT Jewelry,Vàng 18K,CZ,Minimal
463,SP000463,893000000463,Charm Diamond Queen,6,3,2,6,5,5.59,14123822,12494150,10864479,94,Charm,DOJI,Vàng 10K,CZ,Office
464,SP000464,893000000464,Lắc tay Angel,4,1,5,1,3,13.62,10451249,9245336,8039423,54,Lắc tay,KAT Jewelry,Vàng trắng 18K,Diamond,Valentine
465,SP000465,893000000465,Dây chuyền Moonlight,2,4,5,5,1,8.71,24131257,21346881,18562506,68,Dây chuyền,SJC,Vàng trắng 18K,Moissanite,Luxury
466,SP000466,893000000466,Vòng tay Infinity,5,3,1,2,4,2.64,16269792,14392508,12515225,46,Vòng tay,DOJI,Bạc 925,Ruby,Minimal
467,SP000467,893000000467,Lắc tay Ocean,4,4,1,3,3,14.26,6408461,5669023,4929586,25,Lắc tay,SJC,Bạc 925,Sapphire,Valentine
468,SP000468,893000000468,Vòng tay Angel,5,2,2,2,3,11.25,21281263,18825733,16370203,75,Vòng tay,PNJ,Vàng 10K,Ruby,Valentine
469,SP000469,893000000469,Bông tai Princess,3,3,5,5,2,6.95,24833142,21967779,19102417,82,Bông tai,DOJI,Vàng trắng 18K,Moissanite,Wedding
470,SP000470,893000000470,Charm Luxury,6,4,1,4,3,7.81,2362889,2090248,1817607,40,Charm,SJC,Bạc 925,Emerald,Valentine
471,SP000471,893000000471,Bông tai Rose Gold,3,3,1,6,5,8.82,25755884,22784051,19812219,98,Bông tai,DOJI,Bạc 925,CZ,Office
472,SP000472,893000000472,Bông tai Royal,3,2,5,2,4,2.73,24725902,21872913,19019925,32,Bông tai,PNJ,Vàng trắng 18K,Ruby,Minimal
473,SP000473,893000000473,Bông tai Ocean,3,3,1,4,2,12.45,8143318,7203704,6264091,91,Bông tai,DOJI,Bạc 925,Emerald,Wedding
474,SP000474,893000000474,Lắc tay Aurora,4,4,2,4,5,4.58,13191529,11669429,10147330,14,Lắc tay,SJC,Vàng 10K,Emerald,Office
475,SP000475,893000000475,Vòng tay Harmony,5,2,2,4,4,4.12,23514632,20801405,18088179,18,Vòng tay,PNJ,Vàng 10K,Emerald,Minimal
476,SP000476,893000000476,Vòng tay Elegant,5,4,5,1,3,2.91,5610573,4963199,4315826,51,Vòng tay,SJC,Vàng trắng 18K,Diamond,Valentine
477,SP000477,893000000477,Dây chuyền Ocean,2,3,4,5,3,11.17,17019502,15055713,13091925,48,Dây chuyền,DOJI,Vàng 18K,Moissanite,Valentine
478,SP000478,893000000478,Charm Moonlight,6,2,5,1,4,2.94,8623329,7628329,6633330,65,Charm,PNJ,Vàng trắng 18K,Diamond,Minimal
479,SP000479,893000000479,Bông tai Celina,3,2,5,5,1,14.29,24995661,22111546,19227432,35,Bông tai,PNJ,Vàng trắng 18K,Moissanite,Luxury
480,SP000480,893000000480,Lắc tay Celina,4,2,1,4,5,4.65,9066937,8020752,6974567,86,Lắc tay,PNJ,Bạc 925,Emerald,Office
481,SP000481,893000000481,Charm Infinity,6,3,1,3,5,6.13,11804603,10442533,9080464,50,Charm,DOJI,Bạc 925,Sapphire,Office
482,SP000482,893000000482,Nhẫn Aurora,1,3,2,2,1,9.1,25397322,22466862,19536402,20,Nhẫn,DOJI,Vàng 10K,Ruby,Luxury
483,SP000483,893000000483,Nhẫn Galaxy,1,1,2,4,1,9.63,9287345,8215728,7144112,23,Nhẫn,KAT Jewelry,Vàng 10K,Emerald,Luxury
484,SP000484,893000000484,Lắc tay Rose Gold,4,4,1,6,2,2.28,9546339,8444838,7343338,53,Lắc tay,SJC,Bạc 925,CZ,Wedding
485,SP000485,893000000485,Lắc tay Eternal Love,4,3,4,6,2,2.78,2937854,2598871,2259888,87,Lắc tay,DOJI,Vàng 18K,CZ,Wedding
486,SP000486,893000000486,Bông tai Sweet Heart,3,2,5,5,2,9.28,14815928,13106398,11396868,43,Bông tai,PNJ,Vàng trắng 18K,Moissanite,Wedding
487,SP000487,893000000487,Bông tai Royal,3,1,3,3,4,9.4,9625660,8515007,7404354,96,Bông tai,KAT Jewelry,Vàng 14K,Sapphire,Minimal
488,SP000488,893000000488,Dây chuyền Moonlight,2,1,1,5,3,8.22,1330310,1176813,1023316,63,Dây chuyền,KAT Jewelry,Bạc 925,Moissanite,Valentine
489,SP000489,893000000489,Nhẫn Royal,1,2,2,4,4,2.86,23457899,20751218,18044538,98,Nhẫn,PNJ,Vàng 10K,Emerald,Minimal
490,SP000490,893000000490,Lắc tay Shining Star,4,3,4,1,3,7.33,24697745,21848005,18998266,48,Lắc tay,DOJI,Vàng 18K,Diamond,Valentine
491,SP000491,893000000491,Vòng tay Princess,5,1,4,1,2,8.26,23791756,21046553,18301351,58,Vòng tay,KAT Jewelry,Vàng 18K,Diamond,Wedding
492,SP000492,893000000492,Bông tai Luxury,3,1,4,6,4,10.76,8668431,7668227,6668024,25,Bông tai,KAT Jewelry,Vàng 18K,CZ,Minimal
493,SP000493,893000000493,Bông tai Celina,3,1,5,4,1,13.42,5355143,4737242,4119341,80,Bông tai,KAT Jewelry,Vàng trắng 18K,Emerald,Luxury
494,SP000494,893000000494,Charm Harmony,6,3,4,4,5,2.24,4606985,4075410,3543835,40,Charm,DOJI,Vàng 18K,Emerald,Office
495,SP000495,893000000495,Bông tai Rose Gold,3,2,3,6,2,7.91,24537951,21706649,18875347,50,Bông tai,PNJ,Vàng 14K,CZ,Wedding
496,SP000496,893000000496,Bông tai Harmony,3,2,2,3,5,12.66,14220784,12579924,10939065,60,Bông tai,PNJ,Vàng 10K,Sapphire,Office
497,SP000497,893000000497,Lắc tay Infinity,4,1,2,3,5,10.55,20532926,18163742,15794559,50,Lắc tay,KAT Jewelry,Vàng 10K,Sapphire,Office
498,SP000498,893000000498,Lắc tay Diamond Queen,4,3,5,2,4,13.08,19498927,17249051,14999175,72,Lắc tay,DOJI,Vàng trắng 18K,Ruby,Minimal
499,SP000499,893000000499,Charm Lucky,6,3,4,4,5,3.86,11225264,9930041,8634819,15,Charm,DOJI,Vàng 18K,Emerald,Office
500,SP000500,893000000500,Nhẫn Celina,1,1,5,4,3,9.81,12716509,11249219,9781930,69,Nhẫn,KAT Jewelry,Vàng trắng 18K,Emerald,Valentine
