WishlistID,CustomerID,ProductID
WL00001,KH00285,90
WL00002,KH01221,77
WL00003,KH01604,494
WL00004,KH00582,254
WL00005,KH00907,269
WL00006,KH00325,14
WL00007,KH01916,102
WL00008,KH01074,48
WL00009,KH01841,275
WL00010,KH00787,472
WL00011,KH01807,298
WL00012,KH01465,346
WL00013,KH01381,470
WL00014,KH00199,318
WL00015,KH01217,405
WL00016,KH01353,167
WL00017,KH01200,387
WL00018,KH01180,277
WL00019,KH00416,474
WL00020,KH01465,217
WL00021,KH01909,360
WL00022,KH01547,469
WL00023,KH00099,389
WL00024,KH00976,12
WL00025,KH00913,227
WL00026,KH00666,94
WL00027,KH00007,268
WL00028,KH00886,52
WL00029,KH01132,338
WL00030,KH00029,57
WL00031,KH01124,391
WL00032,KH00551,298
WL00033,KH00575,343
WL00034,KH00707,187
WL00035,KH01535,276
WL00036,KH01192,358
WL00037,KH00388,179
WL00038,KH00568,187
WL00039,KH01292,252
WL00040,KH01248,126
WL00041,KH01875,338
WL00042,KH01555,343
WL00043,KH01745,131
WL00044,KH00553,341
WL00045,KH00444,254
WL00046,KH00689,397
WL00047,KH01274,150
WL00048,KH01696,320
WL00049,KH01781,16
WL00050,KH00425,300
WL00051,KH01699,41
WL00052,KH00329,141
WL00053,KH01040,405
WL00054,KH00580,139
WL00055,KH00710,61
WL00056,KH01218,244
WL00057,KH01116,330
WL00058,KH01971,132
WL00059,KH00652,300
WL00060,KH01698,287
WL00061,KH01557,418
WL00062,KH01951,18
WL00063,KH00683,409
WL00064,KH00249,408
WL00065,KH00422,201
WL00066,KH01967,28
WL00067,KH00464,199
WL00068,KH00062,232
WL00069,KH01432,45
WL00070,KH00855,380
WL00071,KH01315,57
WL00072,KH01584,251
WL00073,KH00110,327
WL00074,KH00732,36
WL00075,KH00362,182
WL00076,KH01772,199
WL00077,KH01429,433
WL00078,KH00667,408
WL00079,KH00246,210
WL00080,KH01515,254
WL00081,KH01379,127
WL00082,KH01487,12
WL00083,KH00410,287
WL00084,KH01849,232
WL00085,KH00078,202
WL00086,KH01926,30
WL00087,KH01814,141
WL00088,KH01500,62
WL00089,KH01465,309
WL00090,KH01598,169
WL00091,KH01433,280
WL00092,KH01045,401
WL00093,KH00227,205
WL00094,KH01073,258
WL00095,KH00145,405
WL00096,KH00498,266
WL00097,KH00566,317
WL00098,KH00562,17
WL00099,KH01895,350
WL00100,KH01184,400
WL00101,KH01918,409
WL00102,KH01801,172
WL00103,KH00522,338
WL00104,KH00118,317
WL00105,KH00414,419
WL00106,KH01274,84
WL00107,KH01382,492
WL00108,KH01865,362
WL00109,KH00777,80
WL00110,KH00669,89
WL00111,KH01030,399
WL00112,KH01845,34
WL00113,KH00700,379
WL00114,KH01740,138
WL00115,KH00709,303
WL00116,KH01877,98
WL00117,KH00271,226
WL00118,KH01169,66
WL00119,KH00277,227
WL00120,KH00409,229
WL00121,KH00387,445
WL00122,KH00041,86
WL00123,KH00099,351
WL00124,KH00828,88
WL00125,KH01518,59
WL00126,KH01634,6
WL00127,KH00730,181
WL00128,KH00679,270
WL00129,KH00804,272
WL00130,KH01227,251
WL00131,KH00687,390
WL00132,KH00016,395
WL00133,KH00462,248
WL00134,KH01834,298
WL00135,KH00827,446
WL00136,KH00356,44
WL00137,KH01193,376
WL00138,KH00662,189
WL00139,KH00823,369
WL00140,KH01912,104
WL00141,KH01112,141
WL00142,KH00447,83
WL00143,KH00028,134
WL00144,KH01828,308
WL00145,KH00512,96
WL00146,KH01168,78
WL00147,KH01256,381
WL00148,KH00595,49
WL00149,KH00570,143
WL00150,KH01982,123
WL00151,KH01374,456
WL00152,KH01219,461
WL00153,KH00660,146
WL00154,KH00587,297
WL00155,KH01948,35
WL00156,KH01474,412
WL00157,KH01813,137
WL00158,KH01932,250
WL00159,KH01316,460
WL00160,KH01352,358
WL00161,KH00492,92
WL00162,KH01062,204
WL00163,KH01235,252
WL00164,KH00921,385
WL00165,KH01545,431
WL00166,KH01772,473
WL00167,KH00737,472
WL00168,KH01821,189
WL00169,KH00455,141
WL00170,KH01850,172
WL00171,KH01666,441
WL00172,KH01233,65
WL00173,KH00972,428
WL00174,KH01687,49
WL00175,KH01628,246
WL00176,KH01671,112
WL00177,KH00501,249
WL00178,KH00041,333
WL00179,KH00972,175
WL00180,KH00335,258
WL00181,KH01662,393
WL00182,KH01864,376
WL00183,KH01001,164
WL00184,KH00508,130
WL00185,KH00774,46
WL00186,KH01651,174
WL00187,KH01866,358
WL00188,KH00867,153
WL00189,KH00259,33
WL00190,KH00873,118
WL00191,KH01903,448
WL00192,KH00729,107
WL00193,KH01976,9
WL00194,KH01286,85
WL00195,KH01537,149
WL00196,KH01162,136
WL00197,KH00825,158
WL00198,KH01284,108
WL00199,KH01129,388
WL00200,KH01998,376
WL00201,KH01599,403
WL00202,KH00670,485
WL00203,KH00629,271
WL00204,KH01932,103
WL00205,KH01362,130
WL00206,KH00521,78
WL00207,KH00873,412
WL00208,KH00616,132
WL00209,KH00317,23
WL00210,KH00379,443
WL00211,KH00139,381
WL00212,KH01008,402
WL00213,KH00444,168
WL00214,KH01939,463
WL00215,KH01692,304
WL00216,KH00420,149
WL00217,KH01736,19
WL00218,KH00261,323
WL00219,KH00613,327
WL00220,KH01565,370
WL00221,KH01991,469
WL00222,KH01887,340
WL00223,KH00019,268
WL00224,KH01923,132
WL00225,KH00747,329
WL00226,KH00915,393
WL00227,KH01453,190
WL00228,KH01082,420
WL00229,KH00212,5
WL00230,KH01305,387
WL00231,KH01523,409
WL00232,KH00666,261
WL00233,KH01538,5
WL00234,KH00202,480
WL00235,KH00571,172
WL00236,KH01538,451
WL00237,KH00835,435
WL00238,KH00970,119
WL00239,KH01752,306
WL00240,KH00762,91
WL00241,KH00515,291
WL00242,KH01294,244
WL00243,KH01921,411
WL00244,KH00016,254
WL00245,KH00306,100
WL00246,KH01064,219
WL00247,KH00235,290
WL00248,KH00043,439
WL00249,KH00884,312
WL00250,KH01776,316
WL00251,KH00621,456
WL00252,KH01705,467
WL00253,KH00929,463
WL00254,KH01780,188
WL00255,KH01076,200
WL00256,KH01258,35
WL00257,KH00291,240
WL00258,KH01122,464
WL00259,KH01121,401
WL00260,KH01516,106
WL00261,KH00185,156
WL00262,KH01635,150
WL00263,KH01200,489
WL00264,KH00021,382
WL00265,KH00151,252
WL00266,KH00092,434
WL00267,KH00376,377
WL00268,KH00801,69
WL00269,KH01873,264
WL00270,KH01350,258
WL00271,KH00519,143
WL00272,KH00418,32
WL00273,KH00584,22
WL00274,KH00971,6
WL00275,KH00188,446
WL00276,KH01912,383
WL00277,KH00496,230
WL00278,KH01137,289
WL00279,KH01185,44
WL00280,KH00179,379
WL00281,KH01450,469
WL00282,KH00737,331
WL00283,KH01385,84
WL00284,KH00779,31
WL00285,KH01905,74
WL00286,KH01449,192
WL00287,KH00761,136
WL00288,KH01136,21
WL00289,KH00880,142
WL00290,KH00380,224
WL00291,KH01256,30
WL00292,KH00789,244
WL00293,KH00346,333
WL00294,KH01530,389
WL00295,KH01661,414
WL00296,KH01335,488
WL00297,KH01441,49
WL00298,KH00594,10
WL00299,KH01830,80
WL00300,KH00002,122
WL00301,KH00366,357
WL00302,KH01186,267
WL00303,KH00018,137
WL00304,KH00966,192
WL00305,KH00745,304
WL00306,KH01586,470
WL00307,KH00019,81
WL00308,KH00304,387
WL00309,KH00884,376
WL00310,KH01391,367
WL00311,KH00052,500
WL00312,KH00909,242
WL00313,KH01496,294
WL00314,KH00035,28
WL00315,KH00171,361
WL00316,KH00637,153
WL00317,KH01529,33
WL00318,KH00767,475
WL00319,KH00622,8
WL00320,KH00364,12
WL00321,KH00063,9
WL00322,KH00745,239
WL00323,KH01576,256
WL00324,KH01136,154
WL00325,KH01941,464
WL00326,KH00284,70
WL00327,KH00889,145
WL00328,KH00135,177
WL00329,KH01567,210
WL00330,KH01814,281
WL00331,KH00026,458
WL00332,KH00668,416
WL00333,KH00224,372
WL00334,KH00971,454
WL00335,KH01874,30
WL00336,KH00800,193
WL00337,KH00970,433
WL00338,KH00527,262
WL00339,KH00689,215
WL00340,KH01971,304
WL00341,KH00514,69
WL00342,KH01179,312
WL00343,KH01673,72
WL00344,KH00327,326
WL00345,KH01403,453
WL00346,KH01536,103
WL00347,KH00346,223
WL00348,KH00972,67
WL00349,KH00412,146
WL00350,KH00531,167
WL00351,KH00768,424
WL00352,KH01865,381
WL00353,KH00465,269
WL00354,KH00764,384
WL00355,KH01744,259
WL00356,KH00947,427
WL00357,KH01162,295
WL00358,KH00517,319
WL00359,KH00960,194
WL00360,KH01992,12
WL00361,KH00865,198
WL00362,KH00117,499
WL00363,KH01098,477
WL00364,KH01559,438
WL00365,KH00362,221
WL00366,KH00187,114
WL00367,KH01861,226
WL00368,KH00044,477
WL00369,KH00645,46
WL00370,KH01710,426
WL00371,KH00379,386
WL00372,KH01652,64
WL00373,KH00824,344
WL00374,KH00372,422
WL00375,KH00241,52
WL00376,KH00593,248
WL00377,KH00115,486
WL00378,KH01859,297
WL00379,KH00365,483
WL00380,KH00112,23
WL00381,KH01423,397
WL00382,KH01370,104
WL00383,KH01945,280
WL00384,KH01058,385
WL00385,KH00082,150
WL00386,KH00892,21
WL00387,KH01356,431
WL00388,KH01761,125
WL00389,KH00748,264
WL00390,KH00087,243
WL00391,KH01493,321
WL00392,KH01636,318
WL00393,KH00546,162
WL00394,KH00353,287
WL00395,KH01055,24
WL00396,KH01693,499
WL00397,KH01301,385
WL00398,KH00968,100
WL00399,KH00955,343
WL00400,KH01583,380
WL00401,KH01611,406
WL00402,KH00699,371
WL00403,KH00785,321
WL00404,KH00658,315
WL00405,KH01860,97
WL00406,KH00207,223
WL00407,KH00190,331
WL00408,KH01031,232
WL00409,KH00056,343
WL00410,KH01960,192
WL00411,KH01910,323
WL00412,KH00875,157
WL00413,KH01195,104
WL00414,KH00477,280
WL00415,KH00423,462
WL00416,KH01223,189
WL00417,KH01584,464
WL00418,KH00334,329
WL00419,KH00333,3
WL00420,KH01191,385
WL00421,KH00560,316
WL00422,KH01480,468
WL00423,KH01941,67
WL00424,KH00667,94
WL00425,KH00381,228
WL00426,KH00118,179
WL00427,KH01056,424
WL00428,KH00710,489
WL00429,KH00339,185
WL00430,KH01555,9
WL00431,KH01956,474
WL00432,KH00215,118
WL00433,KH01057,39
WL00434,KH00698,82
WL00435,KH01408,343
WL00436,KH00235,295
WL00437,KH01876,345
WL00438,KH00713,62
WL00439,KH01083,256
WL00440,KH00558,40
WL00441,KH01085,296
WL00442,KH01519,433
WL00443,KH00201,299
WL00444,KH01557,389
WL00445,KH00529,486
WL00446,KH00932,151
WL00447,KH00281,350
WL00448,KH00583,284
WL00449,KH01400,258
WL00450,KH00001,1
WL00451,KH00160,187
WL00452,KH00631,410
WL00453,KH00796,282
WL00454,KH00614,296
WL00455,KH00729,57
WL00456,KH00729,141
WL00457,KH00707,199
WL00458,KH01575,108
WL00459,KH01091,53
WL00460,KH00228,250
WL00461,KH01949,72
WL00462,KH00900,166
WL00463,KH01105,151
WL00464,KH01911,482
WL00465,KH00635,339
WL00466,KH01238,218
WL00467,KH01400,376
WL00468,KH00628,65
WL00469,KH01230,411
WL00470,KH01386,265
WL00471,KH01627,164
WL00472,KH01985,46
WL00473,KH00055,214
WL00474,KH01594,331
WL00475,KH00094,167
WL00476,KH00926,407
WL00477,KH01458,17
WL00478,KH00928,11
WL00479,KH01477,440
WL00480,KH00748,493
WL00481,KH01702,409
WL00482,KH01271,165
WL00483,KH01024,35
WL00484,KH00800,82
WL00485,KH00165,323
WL00486,KH01329,396
WL00487,KH01899,198
WL00488,KH00423,6
WL00489,KH01655,448
WL00490,KH00325,227
WL00491,KH01529,65
WL00492,KH01937,472
WL00493,KH00340,401
WL00494,KH01745,355
WL00495,KH01657,328
WL00496,KH01482,359
WL00497,KH01638,348
WL00498,KH01730,262
WL00499,KH00462,134
WL00500,KH00678,223
WL00501,KH00502,333
WL00502,KH01478,284
WL00503,KH00324,249
WL00504,KH00377,63
WL00505,KH00374,487
WL00506,KH00890,426
WL00507,KH01775,47
WL00508,KH01043,381
WL00509,KH00919,189
WL00510,KH01367,7
WL00511,KH00787,334
WL00512,KH01964,489
WL00513,KH01564,406
WL00514,KH00899,302
WL00515,KH01249,349
WL00516,KH00878,145
WL00517,KH00745,317
WL00518,KH00937,226
WL00519,KH01839,112
WL00520,KH01936,353
WL00521,KH00061,193
WL00522,KH00819,257
WL00523,KH00835,489
WL00524,KH01143,383
WL00525,KH01346,107
WL00526,KH01144,374
WL00527,KH01728,256
WL00528,KH01006,275
WL00529,KH01538,346
WL00530,KH01892,51
WL00531,KH00398,26
WL00532,KH01970,415
WL00533,KH00314,319
WL00534,KH01766,362
WL00535,KH01780,188
WL00536,KH01156,429
WL00537,KH00064,195
WL00538,KH01493,456
WL00539,KH00693,57
WL00540,KH01494,436
WL00541,KH01049,385
WL00542,KH00625,436
WL00543,KH00670,276
WL00544,KH00635,265
WL00545,KH00669,175
WL00546,KH01946,482
WL00547,KH01843,416
WL00548,KH00100,488
WL00549,KH00506,56
WL00550,KH00741,330
WL00551,KH00154,311
WL00552,KH01119,458
WL00553,KH00586,207
WL00554,KH00448,326
WL00555,KH01239,151
WL00556,KH01544,490
WL00557,KH01514,148
WL00558,KH00001,487
WL00559,KH00331,270
WL00560,KH01207,85
WL00561,KH00064,77
WL00562,KH00243,309
WL00563,KH01544,364
WL00564,KH00496,360
WL00565,KH01811,103
WL00566,KH00830,285
WL00567,KH00927,453
WL00568,KH01839,142
WL00569,KH01488,63
WL00570,KH01596,423
WL00571,KH01115,185
WL00572,KH01547,158
WL00573,KH01561,393
WL00574,KH01063,69
WL00575,KH00258,196
WL00576,KH00696,379
WL00577,KH01391,44
WL00578,KH00402,209
WL00579,KH01097,110
WL00580,KH00372,245
WL00581,KH00173,254
WL00582,KH01987,105
WL00583,KH01968,180
WL00584,KH00144,259
WL00585,KH00006,181
WL00586,KH01440,154
WL00587,KH01595,14
WL00588,KH00658,212
WL00589,KH00959,99
WL00590,KH01173,124
WL00591,KH00336,45
WL00592,KH00309,295
WL00593,KH01105,9
WL00594,KH00562,325
WL00595,KH01741,303
WL00596,KH01467,413
WL00597,KH01210,227
WL00598,KH00141,167
WL00599,KH01940,30
WL00600,KH00064,181
WL00601,KH00837,166
WL00602,KH01713,174
WL00603,KH01638,413
WL00604,KH00896,343
WL00605,KH01908,437
WL00606,KH01395,80
WL00607,KH01838,150
WL00608,KH00888,89
WL00609,KH00594,422
WL00610,KH01693,352
WL00611,KH00029,214
WL00612,KH01964,420
WL00613,KH01149,317
WL00614,KH01626,385
WL00615,KH00064,57
WL00616,KH00214,308
WL00617,KH01294,64
WL00618,KH01272,35
WL00619,KH01998,373
WL00620,KH00327,456
WL00621,KH01936,104
WL00622,KH01707,179
WL00623,KH01684,7
WL00624,KH01709,401
WL00625,KH01270,239
WL00626,KH00759,498
WL00627,KH01012,484
WL00628,KH00605,63
WL00629,KH01913,75
WL00630,KH01096,436
WL00631,KH00427,432
WL00632,KH00165,383
WL00633,KH01594,422
WL00634,KH00208,181
WL00635,KH01492,340
WL00636,KH01461,197
WL00637,KH00533,258
WL00638,KH00916,285
WL00639,KH00767,200
WL00640,KH00249,441
WL00641,KH01508,155
WL00642,KH00225,497
WL00643,KH00121,104
WL00644,KH01666,31
WL00645,KH00293,143
WL00646,KH01616,126
WL00647,KH00032,9
WL00648,KH01089,407
WL00649,KH00670,58
WL00650,KH00413,361
WL00651,KH01543,103
WL00652,KH00417,490
WL00653,KH01558,148
WL00654,KH01314,129
WL00655,KH00332,206
WL00656,KH00090,455
WL00657,KH00074,164
WL00658,KH00216,312
WL00659,KH00657,212
WL00660,KH01810,309
WL00661,KH00511,233
WL00662,KH00158,385
WL00663,KH01909,39
WL00664,KH01198,79
WL00665,KH01363,342
WL00666,KH01262,365
WL00667,KH01425,331
WL00668,KH01138,93
WL00669,KH01483,471
WL00670,KH01656,394
WL00671,KH00716,404
WL00672,KH00807,140
WL00673,KH00975,136
WL00674,KH00187,90
WL00675,KH00907,295
WL00676,KH01359,308
WL00677,KH00846,270
WL00678,KH00947,123
WL00679,KH00096,7
WL00680,KH01043,261
WL00681,KH00355,260
WL00682,KH01410,68
WL00683,KH00878,268
WL00684,KH01125,152
WL00685,KH01403,117
WL00686,KH00178,364
WL00687,KH01047,64
WL00688,KH00909,474
WL00689,KH01495,497
WL00690,KH01916,486
WL00691,KH01597,487
WL00692,KH01392,413
WL00693,KH01479,111
WL00694,KH01257,190
WL00695,KH00495,288
WL00696,KH01374,352
WL00697,KH00706,347
WL00698,KH01744,157
WL00699,KH01926,262
WL00700,KH00788,373
WL00701,KH00494,270
WL00702,KH01054,237
WL00703,KH01744,363
WL00704,KH01360,202
WL00705,KH01971,204
WL00706,KH00044,94
WL00707,KH00434,113
WL00708,KH01561,349
WL00709,KH01284,69
WL00710,KH01239,428
WL00711,KH01320,40
WL00712,KH00855,388
WL00713,KH01971,2
WL00714,KH00207,261
WL00715,KH00536,492
WL00716,KH00365,110
WL00717,KH00333,410
WL00718,KH01593,368
WL00719,KH00430,317
WL00720,KH00203,163
WL00721,KH01303,383
WL00722,KH00934,225
WL00723,KH00001,219
WL00724,KH01892,127
WL00725,KH01912,138
WL00726,KH01962,40
WL00727,KH01561,361
WL00728,KH01732,339
WL00729,KH01421,218
WL00730,KH01731,94
WL00731,KH01284,382
WL00732,KH01949,91
WL00733,KH01502,214
WL00734,KH00018,330
WL00735,KH00084,59
WL00736,KH01184,154
WL00737,KH00921,103
WL00738,KH01906,233
WL00739,KH00127,28
WL00740,KH00668,410
WL00741,KH01924,389
WL00742,KH00485,150
WL00743,KH00928,276
WL00744,KH00978,432
WL00745,KH00822,196
WL00746,KH01441,230
WL00747,KH00340,408
WL00748,KH01921,333
WL00749,KH01250,367
WL00750,KH00732,52
WL00751,KH01725,52
WL00752,KH00926,262
WL00753,KH00173,266
WL00754,KH00427,77
WL00755,KH00442,65
WL00756,KH01980,499
WL00757,KH01415,78
WL00758,KH00238,201
WL00759,KH00282,10
WL00760,KH00441,40
WL00761,KH00469,446
WL00762,KH00160,227
WL00763,KH00320,314
WL00764,KH00323,427
WL00765,KH00884,441
WL00766,KH00406,67
WL00767,KH01195,348
WL00768,KH01575,255
WL00769,KH00790,28
WL00770,KH00387,187
WL00771,KH01290,484
WL00772,KH01384,426
WL00773,KH01899,45
WL00774,KH01162,165
WL00775,KH01183,294
WL00776,KH00099,473
WL00777,KH01308,465
WL00778,KH01638,274
WL00779,KH00746,408
WL00780,KH00201,240
WL00781,KH01345,177
WL00782,KH00207,105
WL00783,KH01152,256
WL00784,KH01870,89
WL00785,KH00905,295
WL00786,KH01676,477
WL00787,KH01393,71
WL00788,KH00343,298
WL00789,KH01251,447
WL00790,KH01647,426
WL00791,KH00718,142
WL00792,KH01631,23
WL00793,KH00396,357
WL00794,KH00240,288
WL00795,KH01124,324
WL00796,KH01332,339
WL00797,KH00149,308
WL00798,KH00094,358
WL00799,KH00755,122
WL00800,KH00461,287
WL00801,KH01199,497
WL00802,KH01449,421
WL00803,KH00643,68
WL00804,KH01431,398
WL00805,KH00554,340
WL00806,KH01160,397
WL00807,KH00634,160
WL00808,KH00447,345
WL00809,KH00657,85
WL00810,KH00381,185
WL00811,KH00878,61
WL00812,KH01423,402
WL00813,KH01878,459
WL00814,KH01329,274
WL00815,KH01269,267
WL00816,KH01154,249
WL00817,KH00477,126
WL00818,KH01902,271
WL00819,KH00805,338
WL00820,KH01317,39
WL00821,KH01225,291
WL00822,KH00394,217
WL00823,KH01524,392
WL00824,KH00969,396
WL00825,KH00360,162
WL00826,KH01339,368
WL00827,KH01638,220
WL00828,KH01663,54
WL00829,KH00053,53
WL00830,KH00911,500
WL00831,KH00785,410
WL00832,KH01577,280
WL00833,KH01874,255
WL00834,KH00129,237
WL00835,KH00932,322
WL00836,KH01523,349
WL00837,KH00581,73
WL00838,KH00953,28
WL00839,KH00233,42
WL00840,KH01558,459
WL00841,KH01504,173
WL00842,KH00742,211
WL00843,KH01729,301
WL00844,KH00542,27
WL00845,KH00820,499
WL00846,KH01472,48
WL00847,KH01912,405
WL00848,KH01146,136
WL00849,KH01970,287
WL00850,KH00665,147
WL00851,KH01560,438
WL00852,KH00572,443
WL00853,KH00210,323
WL00854,KH00289,145
WL00855,KH00265,319
WL00856,KH00416,162
WL00857,KH01972,258
WL00858,KH01186,389
WL00859,KH01212,247
WL00860,KH01872,234
WL00861,KH00681,308
WL00862,KH00412,32
WL00863,KH00799,238
WL00864,KH01262,304
WL00865,KH00711,314
WL00866,KH01923,356
WL00867,KH00386,243
WL00868,KH00084,308
WL00869,KH01373,290
WL00870,KH00913,257
WL00871,KH00609,329
WL00872,KH01259,358
WL00873,KH00281,37
WL00874,KH01209,300
WL00875,KH00651,479
WL00876,KH01134,425
WL00877,KH00950,275
WL00878,KH01367,230
WL00879,KH01390,452
WL00880,KH01261,310
WL00881,KH00367,294
WL00882,KH00408,485
WL00883,KH01729,222
WL00884,KH01254,113
WL00885,KH00882,37
WL00886,KH00936,95
WL00887,KH00083,455
WL00888,KH01263,69
WL00889,KH01001,368
WL00890,KH01480,500
WL00891,KH00936,64
WL00892,KH00433,330
WL00893,KH00154,284
WL00894,KH01255,61
WL00895,KH01412,180
WL00896,KH00997,179
WL00897,KH01187,391
WL00898,KH01486,214
WL00899,KH00761,17
WL00900,KH00316,66
WL00901,KH01832,311
WL00902,KH01226,321
WL00903,KH01660,368
WL00904,KH00144,72
WL00905,KH00736,444
WL00906,KH01796,206
WL00907,KH00500,62
WL00908,KH01967,90
WL00909,KH00894,8
WL00910,KH01390,313
WL00911,KH00776,339
WL00912,KH00837,17
WL00913,KH01960,469
WL00914,KH00471,201
WL00915,KH00844,425
WL00916,KH01889,235
WL00917,KH00094,83
WL00918,KH00262,133
WL00919,KH00657,328
WL00920,KH01333,55
WL00921,KH00166,111
WL00922,KH01323,97
WL00923,KH01821,254
WL00924,KH00155,370
WL00925,KH01918,29
WL00926,KH01358,266
WL00927,KH00478,349
WL00928,KH00892,124
WL00929,KH01052,327
WL00930,KH00202,482
WL00931,KH00299,18
WL00932,KH01968,10
WL00933,KH00289,44
WL00934,KH00889,208
WL00935,KH01325,255
WL00936,KH00462,116
WL00937,KH00987,441
WL00938,KH01228,29
WL00939,KH00391,104
WL00940,KH01861,109
WL00941,KH01239,145
WL00942,KH01273,310
WL00943,KH00713,280
WL00944,KH00343,390
WL00945,KH01123,4
WL00946,KH00251,383
WL00947,KH01924,156
WL00948,KH00175,136
WL00949,KH00917,204
WL00950,KH01815,282
WL00951,KH01014,42
WL00952,KH01538,184
WL00953,KH01961,204
WL00954,KH00449,138
WL00955,KH00333,281
WL00956,KH01205,127
WL00957,KH00912,135
WL00958,KH01375,17
WL00959,KH01215,11
WL00960,KH01708,335
WL00961,KH01812,453
WL00962,KH01010,341
WL00963,KH00207,129
WL00964,KH01395,375
WL00965,KH01585,269
WL00966,KH01605,30
WL00967,KH00859,413
WL00968,KH00294,277
WL00969,KH01200,122
WL00970,KH00408,186
WL00971,KH00247,164
WL00972,KH01406,252
WL00973,KH00353,244
WL00974,KH00378,372
WL00975,KH01524,422
WL00976,KH00866,357
WL00977,KH01368,183
WL00978,KH00031,272
WL00979,KH01058,197
WL00980,KH00428,142
WL00981,KH00527,298
WL00982,KH01480,329
WL00983,KH00446,93
WL00984,KH01593,272
WL00985,KH00464,450
WL00986,KH00981,49
WL00987,KH01874,128
WL00988,KH00697,241
WL00989,KH01169,247
WL00990,KH01794,363
WL00991,KH00083,430
WL00992,KH00304,27
WL00993,KH01438,412
WL00994,KH01114,99
WL00995,KH01727,51
WL00996,KH01897,193
WL00997,KH01676,85
WL00998,KH01105,227
WL00999,KH01665,473
WL01000,KH00448,308
WL01001,KH01014,152
WL01002,KH00430,464
WL01003,KH00563,285
WL01004,KH01768,294
WL01005,KH00751,36
WL01006,KH00967,72
WL01007,KH00900,252
WL01008,KH00370,48
WL01009,KH01653,419
WL01010,KH01467,421
WL01011,KH00629,81
WL01012,KH00503,148
WL01013,KH00592,254
WL01014,KH00729,208
WL01015,KH00349,386
WL01016,KH01824,137
WL01017,KH01858,205
WL01018,KH00270,133
WL01019,KH00478,343
WL01020,KH00400,59
WL01021,KH01564,228
WL01022,KH01516,46
WL01023,KH00968,75
WL01024,KH01016,420
WL01025,KH01984,228
WL01026,KH01454,156
WL01027,KH01958,100
WL01028,KH00885,432
WL01029,KH01532,231
WL01030,KH00433,231
WL01031,KH01661,426
WL01032,KH01058,374
WL01033,KH00278,95
WL01034,KH01057,286
WL01035,KH00510,191
WL01036,KH00266,363
WL01037,KH00739,143
WL01038,KH01384,136
WL01039,KH00066,46
WL01040,KH00596,496
WL01041,KH01869,344
WL01042,KH01538,149
WL01043,KH00928,23
WL01044,KH00198,37
WL01045,KH00696,403
WL01046,KH00139,121
WL01047,KH01613,419
WL01048,KH01534,136
WL01049,KH00402,200
WL01050,KH00001,454
WL01051,KH00888,408
WL01052,KH00201,145
WL01053,KH01008,130
WL01054,KH01475,203
WL01055,KH00128,181
WL01056,KH01698,475
WL01057,KH01784,200
WL01058,KH01564,224
WL01059,KH01590,246
WL01060,KH01181,336
WL01061,KH01695,102
WL01062,KH00679,98
WL01063,KH00352,210
WL01064,KH01013,496
WL01065,KH01713,135
WL01066,KH01818,466
WL01067,KH01206,116
WL01068,KH00131,69
WL01069,KH00197,351
WL01070,KH01946,131
WL01071,KH01998,129
WL01072,KH00826,459
WL01073,KH01367,15
WL01074,KH00095,447
WL01075,KH00093,136
WL01076,KH01875,228
WL01077,KH00103,438
WL01078,KH00531,166
WL01079,KH00007,258
WL01080,KH00439,482
WL01081,KH00492,415
WL01082,KH00342,440
WL01083,KH00396,10
WL01084,KH00923,306
WL01085,KH01500,98
WL01086,KH00193,241
WL01087,KH00518,306
WL01088,KH01727,49
WL01089,KH01895,220
WL01090,KH00832,301
WL01091,KH00748,382
WL01092,KH01938,463
WL01093,KH01193,61
WL01094,KH01138,486
WL01095,KH01694,162
WL01096,KH00104,222
WL01097,KH01706,126
WL01098,KH00157,217
WL01099,KH00030,370
WL01100,KH00996,94
WL01101,KH00426,482
WL01102,KH00932,85
WL01103,KH01430,52
WL01104,KH00374,338
WL01105,KH00239,476
WL01106,KH00068,277
WL01107,KH00631,28
WL01108,KH01042,438
WL01109,KH01344,227
WL01110,KH01180,401
WL01111,KH00426,12
WL01112,KH00333,178
WL01113,KH01584,242
WL01114,KH01110,312
WL01115,KH01662,226
WL01116,KH01636,135
WL01117,KH01050,468
WL01118,KH01926,449
WL01119,KH01277,241
WL01120,KH01205,472
WL01121,KH00333,118
WL01122,KH00563,93
WL01123,KH01905,334
WL01124,KH01219,298
WL01125,KH00355,272
WL01126,KH01686,161
WL01127,KH00716,145
WL01128,KH01515,472
WL01129,KH00532,261
WL01130,KH01360,63
WL01131,KH01282,384
WL01132,KH00679,135
WL01133,KH01889,371
WL01134,KH01424,377
WL01135,KH00727,469
WL01136,KH01593,379
WL01137,KH01134,405
WL01138,KH01260,84
WL01139,KH00928,263
WL01140,KH01982,170
WL01141,KH01377,382
WL01142,KH00842,453
WL01143,KH01747,452
WL01144,KH01558,67
WL01145,KH00373,98
WL01146,KH01951,234
WL01147,KH00768,470
WL01148,KH00817,261
WL01149,KH01214,432
WL01150,KH01980,260
WL01151,KH01463,264
WL01152,KH01437,424
WL01153,KH01165,50
WL01154,KH00684,306
WL01155,KH00668,280
WL01156,KH00087,110
WL01157,KH00991,249
WL01158,KH01094,39
WL01159,KH00231,367
WL01160,KH00663,366
WL01161,KH00663,354
WL01162,KH00423,484
WL01163,KH00978,446
WL01164,KH01420,476
WL01165,KH00820,10
WL01166,KH00021,440
WL01167,KH00036,385
WL01168,KH01576,484
WL01169,KH00967,498
WL01170,KH00227,286
WL01171,KH00930,116
WL01172,KH00526,169
WL01173,KH01689,412
WL01174,KH01112,96
WL01175,KH01498,160
WL01176,KH00507,128
WL01177,KH00214,73
WL01178,KH01603,9
WL01179,KH01286,454
WL01180,KH01859,322
WL01181,KH01491,28
WL01182,KH00659,245
WL01183,KH00179,462
WL01184,KH01057,354
WL01185,KH00440,335
WL01186,KH00043,450
WL01187,KH01448,395
WL01188,KH01359,216
WL01189,KH01083,50
WL01190,KH01700,236
WL01191,KH01278,372
WL01192,KH00438,208
WL01193,KH00611,370
WL01194,KH01573,278
WL01195,KH01994,268
WL01196,KH00397,173
WL01197,KH00921,156
WL01198,KH00950,196
WL01199,KH00794,487
WL01200,KH01267,145
WL01201,KH00730,463
WL01202,KH00603,353
WL01203,KH01804,289
WL01204,KH00863,184
WL01205,KH00877,352
WL01206,KH01688,340
WL01207,KH00943,452
WL01208,KH00685,493
WL01209,KH00029,472
WL01210,KH01872,195
WL01211,KH01454,169
WL01212,KH00778,252
WL01213,KH00764,101
WL01214,KH01090,54
WL01215,KH00195,348
WL01216,KH01343,204
WL01217,KH01755,452
WL01218,KH00975,112
WL01219,KH01603,63
WL01220,KH00499,465
WL01221,KH00100,357
WL01222,KH01791,105
WL01223,KH01492,393
WL01224,KH00219,375
WL01225,KH01525,387
WL01226,KH00522,227
WL01227,KH00568,221
WL01228,KH00701,435
WL01229,KH00045,372
WL01230,KH01233,417
WL01231,KH00966,477
WL01232,KH00567,266
WL01233,KH00646,158
WL01234,KH00839,212
WL01235,KH01895,52
WL01236,KH00456,353
WL01237,KH01632,39
WL01238,KH01118,190
WL01239,KH00139,341
WL01240,KH00685,350
WL01241,KH00274,496
WL01242,KH00926,498
WL01243,KH00115,255
WL01244,KH01009,231
WL01245,KH01100,454
WL01246,KH00973,77
WL01247,KH00352,307
WL01248,KH01279,285
WL01249,KH00212,277
WL01250,KH00962,370
WL01251,KH00995,114
WL01252,KH01130,182
WL01253,KH00496,213
WL01254,KH01147,440
WL01255,KH00706,277
WL01256,KH01657,372
WL01257,KH01768,247
WL01258,KH00574,383
WL01259,KH00284,462
WL01260,KH00539,202
WL01261,KH01921,396
WL01262,KH01051,191
WL01263,KH00781,351
WL01264,KH00475,71
WL01265,KH00482,221
WL01266,KH01738,329
WL01267,KH01255,459
WL01268,KH00852,307
WL01269,KH01575,420
WL01270,KH00271,353
WL01271,KH00858,373
WL01272,KH01861,263
WL01273,KH01127,371
WL01274,KH00702,384
WL01275,KH00888,446
WL01276,KH00876,381
WL01277,KH01457,61
WL01278,KH01253,270
WL01279,KH00611,188
WL01280,KH01266,349
WL01281,KH01721,171
WL01282,KH01756,332
WL01283,KH00880,357
WL01284,KH01569,161
WL01285,KH00856,209
WL01286,KH00079,270
WL01287,KH00436,23
WL01288,KH00868,137
WL01289,KH00853,303
WL01290,KH01271,90
WL01291,KH00421,275
WL01292,KH01405,15
WL01293,KH01062,157
WL01294,KH00962,17
WL01295,KH00222,256
WL01296,KH00233,170
WL01297,KH00154,253
WL01298,KH01253,459
WL01299,KH00327,394
WL01300,KH00185,253
WL01301,KH00404,459
WL01302,KH01510,223
WL01303,KH00430,275
WL01304,KH01296,282
WL01305,KH01924,23
WL01306,KH00285,466
WL01307,KH01685,177
WL01308,KH01392,250
WL01309,KH01773,249
WL01310,KH01386,468
WL01311,KH01301,153
WL01312,KH01044,246
WL01313,KH01511,498
WL01314,KH01958,390
WL01315,KH01381,159
WL01316,KH01020,387
WL01317,KH00774,281
WL01318,KH01752,155
WL01319,KH00769,492
WL01320,KH01651,397
WL01321,KH00279,265
WL01322,KH01452,374
WL01323,KH00589,97
WL01324,KH00266,188
WL01325,KH01620,471
WL01326,KH00336,240
WL01327,KH01457,68
WL01328,KH00606,270
WL01329,KH01744,403
WL01330,KH00329,74
WL01331,KH01330,374
WL01332,KH00567,488
WL01333,KH01520,372
WL01334,KH01176,213
WL01335,KH00094,392
WL01336,KH00850,50
WL01337,KH00323,64
WL01338,KH00721,323
WL01339,KH00857,118
WL01340,KH00426,467
WL01341,KH00017,372
WL01342,KH01720,74
WL01343,KH00208,221
WL01344,KH00176,187
WL01345,KH01427,38
WL01346,KH01520,317
WL01347,KH01628,262
WL01348,KH01078,363
WL01349,KH00849,253
WL01350,KH01455,400
WL01351,KH00484,218
WL01352,KH00597,441
WL01353,KH00969,365
WL01354,KH00186,133
WL01355,KH00786,309
WL01356,KH00037,242
WL01357,KH01151,268
WL01358,KH01863,258
WL01359,KH01720,216
WL01360,KH01239,277
WL01361,KH00889,334
WL01362,KH01480,130
WL01363,KH00575,425
WL01364,KH01195,416
WL01365,KH00877,148
WL01366,KH01550,296
WL01367,KH00135,101
WL01368,KH01529,289
WL01369,KH01700,332
WL01370,KH00990,33
WL01371,KH00217,279
WL01372,KH00604,423
WL01373,KH01742,304
WL01374,KH01256,482
WL01375,KH00203,210
WL01376,KH01829,338
WL01377,KH01767,67
WL01378,KH00533,381
WL01379,KH00854,444
WL01380,KH00718,453
WL01381,KH00553,355
WL01382,KH01950,322
WL01383,KH00349,290
WL01384,KH00898,244
WL01385,KH01359,152
WL01386,KH00775,487
WL01387,KH00777,238
WL01388,KH01362,348
WL01389,KH01296,349
WL01390,KH01607,306
WL01391,KH00107,218
WL01392,KH00249,293
WL01393,KH00007,33
WL01394,KH00924,129
WL01395,KH00260,402
WL01396,KH00319,86
WL01397,KH01812,97
WL01398,KH00897,213
WL01399,KH01765,441
WL01400,KH01463,15
WL01401,KH01376,34
WL01402,KH00162,131
WL01403,KH01787,308
WL01404,KH00879,462
WL01405,KH00620,203
WL01406,KH00201,99
WL01407,KH01513,113
WL01408,KH00352,196
WL01409,KH00820,428
WL01410,KH01601,91
WL01411,KH00126,482
WL01412,KH01932,32
WL01413,KH00965,72
WL01414,KH01676,269
WL01415,KH00891,305
WL01416,KH01150,260
WL01417,KH00022,46
WL01418,KH01765,120
WL01419,KH01765,259
WL01420,KH00415,254
WL01421,KH00556,32
WL01422,KH01411,153
WL01423,KH00570,390
WL01424,KH00715,36
WL01425,KH01235,355
WL01426,KH01153,388
WL01427,KH01810,447
WL01428,KH00535,244
WL01429,KH01450,295
WL01430,KH01877,133
WL01431,KH01918,17
WL01432,KH01734,359
WL01433,KH01688,425
WL01434,KH01803,327
WL01435,KH01002,482
WL01436,KH01536,112
WL01437,KH01410,391
WL01438,KH00403,456
WL01439,KH00074,200
WL01440,KH01430,391
WL01441,KH01168,441
WL01442,KH01408,255
WL01443,KH00339,486
WL01444,KH00719,478
WL01445,KH01649,210
WL01446,KH00585,104
WL01447,KH01384,197
WL01448,KH00022,419
WL01449,KH00106,15
WL01450,KH01274,413
WL01451,KH01549,244
WL01452,KH01192,400
WL01453,KH00593,367
WL01454,KH01484,365
WL01455,KH01228,445
WL01456,KH00818,105
WL01457,KH01994,475
WL01458,KH01602,343
WL01459,KH00270,39
WL01460,KH00980,82
WL01461,KH01770,69
WL01462,KH00424,154
WL01463,KH01063,195
WL01464,KH01273,87
WL01465,KH01601,25
WL01466,KH00234,107
WL01467,KH00105,360
WL01468,KH01845,363
WL01469,KH01991,296
WL01470,KH00334,432
WL01471,KH01711,123
WL01472,KH00439,151
WL01473,KH00090,401
WL01474,KH01409,184
WL01475,KH01659,132
WL01476,KH01386,208
WL01477,KH00928,236
WL01478,KH00983,261
WL01479,KH00323,42
WL01480,KH01850,320
WL01481,KH01743,281
WL01482,KH01148,383
WL01483,KH01699,40
WL01484,KH00082,6
WL01485,KH01452,203
WL01486,KH01832,3
WL01487,KH01019,464
WL01488,KH01157,471
WL01489,KH01431,384
WL01490,KH00117,352
WL01491,KH00133,260
WL01492,KH01990,307
WL01493,KH01338,35
WL01494,KH01134,387
WL01495,KH00410,263
WL01496,KH01039,160
WL01497,KH01136,292
WL01498,KH01350,132
WL01499,KH00300,424
WL01500,KH01826,53
WL01501,KH01730,94
WL01502,KH01425,409
WL01503,KH01665,52
WL01504,KH01730,13
WL01505,KH01961,489
WL01506,KH00332,262
WL01507,KH01476,64
WL01508,KH00219,45
WL01509,KH00106,294
WL01510,KH00375,394
WL01511,KH01002,184
WL01512,KH01566,72
WL01513,KH01538,484
WL01514,KH00503,174
WL01515,KH01475,165
WL01516,KH00712,472
WL01517,KH01160,482
WL01518,KH01197,342
WL01519,KH01598,142
WL01520,KH01567,437
WL01521,KH00525,52
WL01522,KH00863,229
WL01523,KH00234,275
WL01524,KH00961,134
WL01525,KH00929,65
WL01526,KH01478,431
WL01527,KH00628,107
WL01528,KH01877,456
WL01529,KH00084,106
WL01530,KH00216,301
WL01531,KH01918,154
WL01532,KH00807,378
WL01533,KH01057,317
WL01534,KH01147,136
WL01535,KH01573,442
WL01536,KH01959,469
WL01537,KH01042,447
WL01538,KH00477,286
WL01539,KH01822,337
WL01540,KH00834,299
WL01541,KH01122,58
WL01542,KH01456,353
WL01543,KH00265,1
WL01544,KH01905,331
WL01545,KH01392,269
WL01546,KH00693,113
WL01547,KH01939,205
WL01548,KH01383,292
WL01549,KH01518,202
WL01550,KH01872,493
WL01551,KH01441,158
WL01552,KH01092,200
WL01553,KH00366,271
WL01554,KH00926,209
WL01555,KH01759,69
WL01556,KH01707,297
WL01557,KH00025,89
WL01558,KH00916,158
WL01559,KH00763,250
WL01560,KH00331,28
WL01561,KH00954,422
WL01562,KH01699,334
WL01563,KH01796,445
WL01564,KH01494,17
WL01565,KH01412,451
WL01566,KH01325,167
WL01567,KH01217,107
WL01568,KH00588,236
WL01569,KH00072,371
WL01570,KH00128,315
WL01571,KH00908,176
WL01572,KH00451,56
WL01573,KH00062,93
WL01574,KH00376,120
WL01575,KH00206,212
WL01576,KH00273,399
WL01577,KH00650,410
WL01578,KH00762,204
WL01579,KH01122,453
WL01580,KH01860,56
WL01581,KH00120,401
WL01582,KH01170,391
WL01583,KH00586,37
WL01584,KH01421,353
WL01585,KH01630,44
WL01586,KH01751,499
WL01587,KH01253,494
WL01588,KH01180,362
WL01589,KH01385,56
WL01590,KH00824,168
WL01591,KH00684,279
WL01592,KH00672,259
WL01593,KH00862,392
WL01594,KH00078,479
WL01595,KH00109,462
WL01596,KH00460,298
WL01597,KH01350,415
WL01598,KH00495,110
WL01599,KH01569,242
WL01600,KH00922,148
WL01601,KH00748,82
WL01602,KH01911,325
WL01603,KH01719,124
WL01604,KH01066,152
WL01605,KH01289,104
WL01606,KH00550,466
WL01607,KH01279,7
WL01608,KH00658,439
WL01609,KH01996,296
WL01610,KH00405,165
WL01611,KH00255,480
WL01612,KH01975,78
WL01613,KH00818,141
WL01614,KH00419,32
WL01615,KH01031,287
WL01616,KH00340,77
WL01617,KH00793,338
WL01618,KH00415,352
WL01619,KH01414,329
WL01620,KH00410,450
WL01621,KH01974,69
WL01622,KH00388,423
WL01623,KH00358,450
WL01624,KH01672,365
WL01625,KH01984,124
WL01626,KH00626,417
WL01627,KH01913,369
WL01628,KH01046,87
WL01629,KH00785,414
WL01630,KH00788,330
WL01631,KH00914,123
WL01632,KH00672,269
WL01633,KH00654,401
WL01634,KH00430,64
WL01635,KH01234,499
WL01636,KH00526,310
WL01637,KH00709,173
WL01638,KH01450,244
WL01639,KH00722,333
WL01640,KH00533,167
WL01641,KH00248,356
WL01642,KH01926,5
WL01643,KH01120,376
WL01644,KH01982,22
WL01645,KH01102,81
WL01646,KH00876,457
WL01647,KH00737,347
WL01648,KH00407,253
WL01649,KH01107,497
WL01650,KH00230,165
WL01651,KH01041,220
WL01652,KH01107,152
WL01653,KH01994,202
WL01654,KH01068,467
WL01655,KH01721,290
WL01656,KH01972,58
WL01657,KH00934,5
WL01658,KH00040,50
WL01659,KH01248,391
WL01660,KH00909,125
WL01661,KH01209,99
WL01662,KH00264,339
WL01663,KH01031,403
WL01664,KH00722,151
WL01665,KH00808,396
WL01666,KH01664,443
WL01667,KH01195,250
WL01668,KH00734,312
WL01669,KH00587,443
WL01670,KH01500,67
WL01671,KH00656,333
WL01672,KH00595,272
WL01673,KH00772,154
WL01674,KH01218,241
WL01675,KH00126,329
WL01676,KH00364,263
WL01677,KH00521,272
WL01678,KH00698,412
WL01679,KH00031,212
WL01680,KH01104,360
WL01681,KH01754,218
WL01682,KH01667,297
WL01683,KH00059,67
WL01684,KH01669,276
WL01685,KH00093,5
WL01686,KH01482,225
WL01687,KH01332,321
WL01688,KH01449,451
WL01689,KH00531,167
WL01690,KH01941,155
WL01691,KH01182,471
WL01692,KH01482,378
WL01693,KH01719,135
WL01694,KH00053,500
WL01695,KH00142,212
WL01696,KH00832,177
WL01697,KH00354,251
WL01698,KH01541,63
WL01699,KH00962,232
WL01700,KH00014,245
WL01701,KH01050,157
WL01702,KH00433,420
WL01703,KH01326,276
WL01704,KH01479,418
WL01705,KH01047,264
WL01706,KH00390,422
WL01707,KH01872,94
WL01708,KH01847,395
WL01709,KH01426,229
WL01710,KH01971,104
WL01711,KH01635,130
WL01712,KH00922,271
WL01713,KH00747,267
WL01714,KH01489,3
WL01715,KH01344,127
WL01716,KH01182,435
WL01717,KH01625,395
WL01718,KH00282,360
WL01719,KH01275,258
WL01720,KH00961,351
WL01721,KH00759,217
WL01722,KH00686,288
WL01723,KH01696,222
WL01724,KH00814,81
WL01725,KH01831,74
WL01726,KH00876,59
WL01727,KH01478,142
WL01728,KH01031,323
WL01729,KH01917,212
WL01730,KH00250,482
WL01731,KH01749,471
WL01732,KH00839,266
WL01733,KH01467,127
WL01734,KH01694,366
WL01735,KH00208,90
WL01736,KH01180,421
WL01737,KH00138,13
WL01738,KH00426,390
WL01739,KH01183,340
WL01740,KH01904,154
WL01741,KH01792,442
WL01742,KH01198,58
WL01743,KH00496,62
WL01744,KH01325,156
WL01745,KH00385,81
WL01746,KH00743,212
WL01747,KH00106,326
WL01748,KH01012,220
WL01749,KH00428,177
WL01750,KH01559,23
WL01751,KH01965,153
WL01752,KH00688,286
WL01753,KH00732,1
WL01754,KH01080,45
WL01755,KH00464,391
WL01756,KH01893,266
WL01757,KH01686,102
WL01758,KH00281,54
WL01759,KH00169,226
WL01760,KH01260,171
WL01761,KH01350,383
WL01762,KH01794,383
WL01763,KH01772,276
WL01764,KH01696,342
WL01765,KH00616,110
WL01766,KH00235,74
WL01767,KH01476,423
WL01768,KH00480,278
WL01769,KH00737,163
WL01770,KH01084,399
WL01771,KH01433,428
WL01772,KH00136,203
WL01773,KH01928,128
WL01774,KH00457,28
WL01775,KH00813,131
WL01776,KH00281,60
WL01777,KH01415,140
WL01778,KH01955,7
WL01779,KH00012,391
WL01780,KH00093,492
WL01781,KH01543,488
WL01782,KH01915,150
WL01783,KH00239,331
WL01784,KH01087,446
WL01785,KH01423,308
WL01786,KH01876,249
WL01787,KH01322,491
WL01788,KH01649,248
WL01789,KH01058,116
WL01790,KH00089,174
WL01791,KH01375,78
WL01792,KH00068,458
WL01793,KH00690,35
WL01794,KH00301,380
WL01795,KH01297,432
WL01796,KH00372,263
WL01797,KH01160,181
WL01798,KH01527,350
WL01799,KH01718,273
WL01800,KH00876,282
WL01801,KH01151,433
WL01802,KH01370,364
WL01803,KH00667,367
WL01804,KH00922,188
WL01805,KH00215,435
WL01806,KH01214,325
WL01807,KH00952,288
WL01808,KH01942,446
WL01809,KH00387,92
WL01810,KH00888,442
WL01811,KH01543,65
WL01812,KH01082,363
WL01813,KH01693,153
WL01814,KH01468,250
WL01815,KH01171,1
WL01816,KH00134,489
WL01817,KH01946,201
WL01818,KH00778,305
WL01819,KH00019,220
WL01820,KH00379,258
WL01821,KH00157,217
WL01822,KH01853,492
WL01823,KH01603,172
WL01824,KH00403,345
WL01825,KH01279,223
WL01826,KH00129,194
WL01827,KH00080,92
WL01828,KH00343,188
WL01829,KH01782,440
WL01830,KH00377,458
WL01831,KH01067,249
WL01832,KH01341,77
WL01833,KH01578,443
WL01834,KH01726,187
WL01835,KH01299,167
WL01836,KH01772,401
WL01837,KH01722,273
WL01838,KH00597,458
WL01839,KH00424,366
WL01840,KH01786,292
WL01841,KH00101,130
WL01842,KH00071,46
WL01843,KH01247,201
WL01844,KH00474,372
WL01845,KH01126,51
WL01846,KH00037,408
WL01847,KH01132,22
WL01848,KH01454,242
WL01849,KH01079,264
WL01850,KH00440,98
WL01851,KH00652,35
WL01852,KH00358,238
WL01853,KH00846,10
WL01854,KH01152,83
WL01855,KH01662,216
WL01856,KH00188,328
WL01857,KH01869,193
WL01858,KH00425,482
WL01859,KH00424,164
WL01860,KH01905,379
WL01861,KH01403,76
WL01862,KH01904,114
WL01863,KH00294,246
WL01864,KH00277,435
WL01865,KH00275,100
WL01866,KH00887,472
WL01867,KH00835,494
WL01868,KH00278,411
WL01869,KH00760,36
WL01870,KH00442,214
WL01871,KH00278,450
WL01872,KH00346,228
WL01873,KH00641,109
WL01874,KH00790,230
WL01875,KH01145,164
WL01876,KH00123,333
WL01877,KH01863,153
WL01878,KH01349,23
WL01879,KH00679,255
WL01880,KH00888,212
WL01881,KH00338,9
WL01882,KH01793,402
WL01883,KH01248,334
WL01884,KH01732,429
WL01885,KH01142,123
WL01886,KH01235,4
WL01887,KH01040,90
WL01888,KH00202,212
WL01889,KH00294,15
WL01890,KH01185,59
WL01891,KH01678,14
WL01892,KH00726,293
WL01893,KH00753,266
WL01894,KH00157,2
WL01895,KH01755,348
WL01896,KH00891,485
WL01897,KH00695,84
WL01898,KH00434,312
WL01899,KH01278,201
WL01900,KH00566,140
WL01901,KH01731,410
WL01902,KH00692,52
WL01903,KH01419,24
WL01904,KH01229,161
WL01905,KH01691,326
WL01906,KH01503,91
WL01907,KH01820,356
WL01908,KH00476,466
WL01909,KH01906,453
WL01910,KH01060,368
WL01911,KH00970,110
WL01912,KH01796,317
WL01913,KH00646,4
WL01914,KH01820,226
WL01915,KH01965,50
WL01916,KH00329,126
WL01917,KH00699,280
WL01918,KH00381,487
WL01919,KH00318,79
WL01920,KH01023,103
WL01921,KH01695,289
WL01922,KH00876,56
WL01923,KH00146,287
WL01924,KH01745,407
WL01925,KH01726,189
WL01926,KH00296,30
WL01927,KH00317,106
WL01928,KH00038,124
WL01929,KH01547,67
WL01930,KH01029,393
WL01931,KH00923,319
WL01932,KH00776,450
WL01933,KH01585,315
WL01934,KH00424,189
WL01935,KH01838,14
WL01936,KH01542,403
WL01937,KH01311,30
WL01938,KH01086,335
WL01939,KH00680,442
WL01940,KH00816,71
WL01941,KH00531,2
WL01942,KH01112,1
WL01943,KH01966,3
WL01944,KH00380,365
WL01945,KH01429,391
WL01946,KH00567,238
WL01947,KH01302,362
WL01948,KH01386,402
WL01949,KH00289,395
WL01950,KH00726,451
WL01951,KH00144,295
WL01952,KH01515,46
WL01953,KH01490,236
WL01954,KH00730,306
WL01955,KH01398,177
WL01956,KH01720,400
WL01957,KH01742,104
WL01958,KH01946,161
WL01959,KH01667,428
WL01960,KH01322,494
WL01961,KH01916,188
WL01962,KH00482,372
WL01963,KH00258,40
WL01964,KH00462,177
WL01965,KH00898,78
WL01966,KH01077,112
WL01967,KH01128,222
WL01968,KH01442,359
WL01969,KH00654,157
WL01970,KH01663,162
WL01971,KH00127,404
WL01972,KH00144,6
WL01973,KH01504,34
WL01974,KH01442,31
WL01975,KH01543,376
WL01976,KH01173,136
WL01977,KH00920,312
WL01978,KH01759,203
WL01979,KH00605,264
WL01980,KH00695,294
WL01981,KH01979,243
WL01982,KH01614,298
WL01983,KH01045,94
WL01984,KH00108,75
WL01985,KH00793,428
WL01986,KH01174,169
WL01987,KH00342,495
WL01988,KH00381,362
WL01989,KH00160,176
WL01990,KH01289,491
WL01991,KH00945,254
WL01992,KH00574,235
WL01993,KH00168,430
WL01994,KH01758,58
WL01995,KH01800,355
WL01996,KH00545,190
WL01997,KH00324,35
WL01998,KH01520,61
WL01999,KH01828,134
WL02000,KH01623,30
WL02001,KH00865,323
WL02002,KH01503,125
WL02003,KH01437,275
WL02004,KH00490,97
WL02005,KH01926,210
WL02006,KH01189,398
WL02007,KH01791,133
WL02008,KH00317,394
WL02009,KH01295,304
WL02010,KH00251,351
WL02011,KH00800,208
WL02012,KH00112,219
WL02013,KH01166,193
WL02014,KH00497,141
WL02015,KH00908,495
WL02016,KH00212,334
WL02017,KH00598,261
WL02018,KH01018,481
WL02019,KH01697,243
WL02020,KH00289,54
WL02021,KH01747,36
WL02022,KH00916,172
WL02023,KH00246,494
WL02024,KH00832,149
WL02025,KH01676,347
WL02026,KH00362,20
WL02027,KH01524,212
WL02028,KH01843,79
WL02029,KH00708,175
WL02030,KH00407,45
WL02031,KH01561,301
WL02032,KH00153,335
WL02033,KH00755,426
WL02034,KH00236,36
WL02035,KH00818,202
WL02036,KH01539,319
WL02037,KH00152,438
WL02038,KH01077,309
WL02039,KH01835,376
WL02040,KH01295,400
WL02041,KH00204,236
WL02042,KH01185,135
WL02043,KH01209,398
WL02044,KH01800,458
WL02045,KH00303,183
WL02046,KH01007,360
WL02047,KH00054,39
WL02048,KH00459,294
WL02049,KH01225,49
WL02050,KH00378,295
WL02051,KH01149,1
WL02052,KH01429,31
WL02053,KH01059,14
WL02054,KH01272,398
WL02055,KH00363,293
WL02056,KH00264,286
WL02057,KH00513,107
WL02058,KH00784,426
WL02059,KH01637,290
WL02060,KH01164,307
WL02061,KH01917,337
WL02062,KH01313,191
WL02063,KH01399,183
WL02064,KH00069,172
WL02065,KH00391,208
WL02066,KH00870,499
WL02067,KH00587,334
WL02068,KH00151,411
WL02069,KH00971,486
WL02070,KH00898,435
WL02071,KH00509,80
WL02072,KH00407,46
WL02073,KH00672,246
WL02074,KH01877,287
WL02075,KH01080,137
WL02076,KH00959,435
WL02077,KH00053,271
WL02078,KH00292,404
WL02079,KH01091,228
WL02080,KH00769,208
WL02081,KH00912,427
WL02082,KH00416,394
WL02083,KH00794,86
WL02084,KH00980,359
WL02085,KH01541,190
WL02086,KH00205,435
WL02087,KH01730,383
WL02088,KH00537,264
WL02089,KH00315,285
WL02090,KH01175,340
WL02091,KH01052,341
WL02092,KH00387,415
WL02093,KH01660,312
WL02094,KH01491,289
WL02095,KH00334,156
WL02096,KH01299,51
WL02097,KH00030,61
WL02098,KH00807,358
WL02099,KH01377,38
WL02100,KH00111,499
WL02101,KH00855,84
WL02102,KH01065,236
WL02103,KH00302,165
WL02104,KH00782,166
WL02105,KH00421,325
WL02106,KH01474,101
WL02107,KH01570,163
WL02108,KH01135,467
WL02109,KH00455,305
WL02110,KH01085,459
WL02111,KH01913,154
WL02112,KH00978,162
WL02113,KH01871,226
WL02114,KH00425,13
WL02115,KH00479,39
WL02116,KH01188,82
WL02117,KH01738,413
WL02118,KH01098,97
WL02119,KH01696,344
WL02120,KH00242,454
WL02121,KH00732,280
WL02122,KH00919,497
WL02123,KH00200,66
WL02124,KH00491,294
WL02125,KH00502,500
WL02126,KH01732,418
WL02127,KH01604,190
WL02128,KH01217,109
WL02129,KH00869,165
WL02130,KH00122,7
WL02131,KH00881,499
WL02132,KH00918,271
WL02133,KH01460,321
WL02134,KH01237,398
WL02135,KH01863,302
WL02136,KH01808,418
WL02137,KH01533,187
WL02138,KH00307,500
WL02139,KH01533,2
WL02140,KH01988,426
WL02141,KH00795,395
WL02142,KH00733,52
WL02143,KH01098,212
WL02144,KH00888,415
WL02145,KH01365,410
WL02146,KH01903,19
WL02147,KH00371,171
WL02148,KH00204,102
WL02149,KH00404,264
WL02150,KH01867,329
WL02151,KH00031,335
WL02152,KH01751,125
WL02153,KH01490,330
WL02154,KH00795,105
WL02155,KH01098,404
WL02156,KH00266,7
WL02157,KH01231,305
WL02158,KH00258,344
WL02159,KH01436,363
WL02160,KH00319,3
WL02161,KH00678,15
WL02162,KH01607,415
WL02163,KH00904,41
WL02164,KH00841,264
WL02165,KH00590,373
WL02166,KH00581,202
WL02167,KH00079,345
WL02168,KH01544,481
WL02169,KH00682,293
WL02170,KH00410,307
WL02171,KH00936,395
WL02172,KH01021,100
WL02173,KH00977,294
WL02174,KH00755,499
WL02175,KH00058,310
WL02176,KH01469,29
WL02177,KH00192,28
WL02178,KH00821,307
WL02179,KH00537,62
WL02180,KH00516,136
WL02181,KH01656,109
WL02182,KH01294,259
WL02183,KH00217,213
WL02184,KH01060,491
WL02185,KH01863,22
WL02186,KH01286,66
WL02187,KH00133,77
WL02188,KH00459,307
WL02189,KH00406,268
WL02190,KH01595,305
WL02191,KH01084,89
WL02192,KH01279,360
WL02193,KH01086,101
WL02194,KH00529,320
WL02195,KH00419,270
WL02196,KH01251,185
WL02197,KH00913,99
WL02198,KH00232,471
WL02199,KH00303,7
WL02200,KH01809,218
WL02201,KH00835,395
WL02202,KH01065,186
WL02203,KH00996,275
WL02204,KH00612,374
WL02205,KH01223,110
WL02206,KH01587,463
WL02207,KH01125,205
WL02208,KH01822,2
WL02209,KH01284,76
WL02210,KH01357,213
WL02211,KH00403,372
WL02212,KH01875,20
WL02213,KH01322,257
WL02214,KH00500,15
WL02215,KH01339,148
WL02216,KH01808,407
WL02217,KH00892,441
WL02218,KH00598,36
WL02219,KH00566,476
WL02220,KH00963,240
WL02221,KH00752,236
WL02222,KH00374,282
WL02223,KH00921,367
WL02224,KH00150,472
WL02225,KH01913,120
WL02226,KH01405,414
WL02227,KH01060,65
WL02228,KH00481,295
WL02229,KH00843,461
WL02230,KH01830,492
WL02231,KH00837,314
WL02232,KH01321,194
WL02233,KH00730,191
WL02234,KH01759,282
WL02235,KH00782,342
WL02236,KH00337,470
WL02237,KH00607,214
WL02238,KH01322,218
WL02239,KH01696,443
WL02240,KH01106,43
WL02241,KH01521,465
WL02242,KH00481,194
WL02243,KH00392,266
WL02244,KH01375,168
WL02245,KH01644,380
WL02246,KH00332,328
WL02247,KH00584,414
WL02248,KH01402,468
WL02249,KH01127,47
WL02250,KH01575,353
WL02251,KH00683,425
WL02252,KH01121,338
WL02253,KH00401,469
WL02254,KH01997,1
WL02255,KH01017,453
WL02256,KH01741,475
WL02257,KH01854,263
WL02258,KH00901,99
WL02259,KH00828,281
WL02260,KH01089,77
WL02261,KH00473,169
WL02262,KH00482,121
WL02263,KH00437,490
WL02264,KH01427,393
WL02265,KH00551,353
WL02266,KH01225,151
WL02267,KH00993,440
WL02268,KH01467,45
WL02269,KH00533,392
WL02270,KH00900,283
WL02271,KH00586,253
WL02272,KH01378,187
WL02273,KH00188,245
WL02274,KH00548,191
WL02275,KH01022,496
WL02276,KH01082,132
WL02277,KH00126,449
WL02278,KH01317,132
WL02279,KH00958,10
WL02280,KH01713,81
WL02281,KH01105,121
WL02282,KH00773,361
WL02283,KH00898,91
WL02284,KH01687,12
WL02285,KH01540,446
WL02286,KH01599,39
WL02287,KH01435,145
WL02288,KH00682,291
WL02289,KH01002,75
WL02290,KH00550,211
WL02291,KH00103,254
WL02292,KH01397,169
WL02293,KH01437,410
WL02294,KH01776,166
WL02295,KH01783,4
WL02296,KH01854,179
WL02297,KH01856,339
WL02298,KH01829,380
WL02299,KH01701,259
WL02300,KH01312,31
WL02301,KH00169,400
WL02302,KH01254,319
WL02303,KH01009,238
WL02304,KH01693,149
WL02305,KH00860,358
WL02306,KH00189,138
WL02307,KH00962,293
WL02308,KH01557,113
WL02309,KH00925,172
WL02310,KH00339,360
WL02311,KH01147,271
WL02312,KH00399,253
WL02313,KH01981,320
WL02314,KH00144,475
WL02315,KH00029,207
WL02316,KH01224,152
WL02317,KH01577,184
WL02318,KH01659,43
WL02319,KH00009,489
WL02320,KH01392,1
WL02321,KH00434,93
WL02322,KH00918,461
WL02323,KH01170,122
WL02324,KH01221,20
WL02325,KH01940,234
WL02326,KH01610,90
WL02327,KH01926,186
WL02328,KH01909,498
WL02329,KH01681,123
WL02330,KH00854,15
WL02331,KH00217,213
WL02332,KH00001,85
WL02333,KH00937,268
WL02334,KH01072,177
WL02335,KH00924,164
WL02336,KH00400,73
WL02337,KH00758,211
WL02338,KH01637,170
WL02339,KH01794,52
WL02340,KH01854,2
WL02341,KH00730,375
WL02342,KH01207,48
WL02343,KH00065,126
WL02344,KH00691,105
WL02345,KH01144,214
WL02346,KH01354,167
WL02347,KH01889,347
WL02348,KH01304,263
WL02349,KH01969,143
WL02350,KH01860,235
WL02351,KH00640,11
WL02352,KH00053,351
WL02353,KH00351,354
WL02354,KH00611,111
WL02355,KH00664,10
WL02356,KH01857,456
WL02357,KH00016,238
WL02358,KH01616,32
WL02359,KH00340,105
WL02360,KH01309,181
WL02361,KH01225,174
WL02362,KH01990,244
WL02363,KH01956,35
WL02364,KH00188,96
WL02365,KH00013,329
WL02366,KH00225,45
WL02367,KH00217,310
WL02368,KH01427,191
WL02369,KH01720,380
WL02370,KH01969,308
WL02371,KH00831,162
WL02372,KH01227,59
WL02373,KH00202,69
WL02374,KH01205,159
WL02375,KH01263,230
WL02376,KH01618,229
WL02377,KH01645,178
WL02378,KH00706,476
WL02379,KH00376,308
WL02380,KH01560,136
WL02381,KH01475,454
WL02382,KH00197,85
WL02383,KH01381,73
WL02384,KH00837,375
WL02385,KH01397,2
WL02386,KH00049,29
WL02387,KH01752,328
WL02388,KH01655,126
WL02389,KH01004,434
WL02390,KH00281,207
WL02391,KH01980,166
WL02392,KH01682,406
WL02393,KH01437,192
WL02394,KH01896,168
WL02395,KH01781,295
WL02396,KH00151,435
WL02397,KH01437,8
WL02398,KH01631,234
WL02399,KH01418,430
WL02400,KH00726,89
WL02401,KH00187,395
WL02402,KH00712,419
WL02403,KH01702,23
WL02404,KH00420,137
WL02405,KH00474,292
WL02406,KH01900,15
WL02407,KH00582,406
WL02408,KH01733,353
WL02409,KH01358,350
WL02410,KH00315,35
WL02411,KH01781,410
WL02412,KH01214,183
WL02413,KH01574,54
WL02414,KH00736,247
WL02415,KH00002,85
WL02416,KH00846,360
WL02417,KH01717,415
WL02418,KH01392,432
WL02419,KH00077,448
WL02420,KH01608,105
WL02421,KH00233,295
WL02422,KH01318,181
WL02423,KH01431,306
WL02424,KH00134,311
WL02425,KH00290,25
WL02426,KH01059,80
WL02427,KH01995,126
WL02428,KH00427,60
WL02429,KH00922,426
WL02430,KH00777,490
WL02431,KH01941,11
WL02432,KH00878,54
WL02433,KH01281,120
WL02434,KH01638,258
WL02435,KH00288,342
WL02436,KH01061,55
WL02437,KH01950,466
WL02438,KH00751,344
WL02439,KH01996,255
WL02440,KH00174,223
WL02441,KH00956,481
WL02442,KH01246,315
WL02443,KH00180,452
WL02444,KH00180,61
WL02445,KH00427,82
WL02446,KH01602,461
WL02447,KH01109,466
WL02448,KH01077,309
WL02449,KH01296,305
WL02450,KH00628,137
WL02451,KH01577,316
WL02452,KH01125,154
WL02453,KH00542,151
WL02454,KH01406,364
WL02455,KH00875,18
WL02456,KH00092,346
WL02457,KH01734,437
WL02458,KH00875,142
WL02459,KH00549,229
WL02460,KH00951,125
WL02461,KH00249,423
WL02462,KH01658,36
WL02463,KH00549,389
WL02464,KH01740,42
WL02465,KH00922,108
WL02466,KH00040,230
WL02467,KH01472,255
WL02468,KH01637,59
WL02469,KH00962,58
WL02470,KH00957,388
WL02471,KH00757,310
WL02472,KH01128,199
WL02473,KH00320,329
WL02474,KH00140,251
WL02475,KH00536,270
WL02476,KH00789,153
WL02477,KH01329,469
WL02478,KH00710,475
WL02479,KH00912,393
WL02480,KH00230,442
WL02481,KH00078,378
WL02482,KH01764,380
WL02483,KH01484,221
WL02484,KH01907,221
WL02485,KH00649,179
WL02486,KH00436,203
WL02487,KH01672,493
WL02488,KH00840,35
WL02489,KH00733,111
WL02490,KH00034,460
WL02491,KH01095,390
WL02492,KH00351,266
WL02493,KH00027,370
WL02494,KH00496,123
WL02495,KH00772,428
WL02496,KH00106,420
WL02497,KH01124,233
WL02498,KH00456,401
WL02499,KH00198,148
WL02500,KH00546,343
WL02501,KH01512,306
WL02502,KH01409,442
WL02503,KH01279,451
WL02504,KH01149,91
WL02505,KH01229,249
WL02506,KH00842,143
WL02507,KH00901,315
WL02508,KH00563,390
WL02509,KH01589,143
WL02510,KH00441,106
WL02511,KH01554,345
WL02512,KH00098,82
WL02513,KH00223,344
WL02514,KH00313,324
WL02515,KH01715,497
WL02516,KH01122,59
WL02517,KH01926,232
WL02518,KH00930,349
WL02519,KH00852,224
WL02520,KH01822,63
WL02521,KH00673,464
WL02522,KH01985,323
WL02523,KH01426,88
WL02524,KH01806,256
WL02525,KH00401,259
WL02526,KH01045,380
WL02527,KH00609,277
WL02528,KH00479,188
WL02529,KH00322,16
WL02530,KH00379,364
WL02531,KH00576,480
WL02532,KH00174,220
WL02533,KH01564,147
WL02534,KH00823,231
WL02535,KH00817,402
WL02536,KH01525,253
WL02537,KH01702,167
WL02538,KH01175,490
WL02539,KH01214,310
WL02540,KH00093,147
WL02541,KH01642,406
WL02542,KH00964,374
WL02543,KH01610,245
WL02544,KH00438,417
WL02545,KH01886,351
WL02546,KH01671,432
WL02547,KH01209,33
WL02548,KH00806,288
WL02549,KH00019,413
WL02550,KH00229,238
WL02551,KH00308,153
WL02552,KH01402,107
WL02553,KH00813,273
WL02554,KH01337,476
WL02555,KH01003,305
WL02556,KH01607,104
WL02557,KH01617,362
WL02558,KH00711,481
WL02559,KH00715,335
WL02560,KH00104,207
WL02561,KH01518,178
WL02562,KH01579,263
WL02563,KH01156,107
WL02564,KH00602,481
WL02565,KH01551,32
WL02566,KH01312,486
WL02567,KH00082,45
WL02568,KH01484,324
WL02569,KH01086,246
WL02570,KH00912,12
WL02571,KH00914,191
WL02572,KH01103,370
WL02573,KH00752,390
WL02574,KH01978,393
WL02575,KH01204,451
WL02576,KH01025,424
WL02577,KH01503,60
WL02578,KH00322,494
WL02579,KH01720,180
WL02580,KH00987,349
WL02581,KH01796,401
WL02582,KH00628,27
WL02583,KH00291,368
WL02584,KH01665,129
WL02585,KH01224,151
WL02586,KH00400,458
WL02587,KH01607,426
WL02588,KH01235,395
WL02589,KH00222,386
WL02590,KH01370,266
WL02591,KH01565,435
WL02592,KH01048,122
WL02593,KH00224,495
WL02594,KH00535,61
WL02595,KH01491,117
WL02596,KH00768,248
WL02597,KH01688,304
WL02598,KH00359,87
WL02599,KH01378,180
WL02600,KH01059,440
WL02601,KH01991,365
WL02602,KH01806,472
WL02603,KH01076,268
WL02604,KH00893,334
WL02605,KH01667,232
WL02606,KH00632,37
WL02607,KH01457,402
WL02608,KH00379,48
WL02609,KH00278,233
WL02610,KH00965,411
WL02611,KH01123,57
WL02612,KH00059,253
WL02613,KH00358,285
WL02614,KH00273,356
WL02615,KH01009,78
WL02616,KH00913,58
WL02617,KH00832,433
WL02618,KH00385,298
WL02619,KH01336,81
WL02620,KH01071,123
WL02621,KH00720,183
WL02622,KH01161,28
WL02623,KH01290,401
WL02624,KH01586,40
WL02625,KH00853,49
WL02626,KH00650,224
WL02627,KH01430,215
WL02628,KH01752,102
WL02629,KH00094,60
WL02630,KH00476,300
WL02631,KH01207,80
WL02632,KH00365,428
WL02633,KH00657,39
WL02634,KH01633,52
WL02635,KH01431,302
WL02636,KH01805,451
WL02637,KH00621,446
WL02638,KH00992,298
WL02639,KH01292,211
WL02640,KH01999,296
WL02641,KH00240,117
WL02642,KH00420,115
WL02643,KH01247,378
WL02644,KH01086,2
WL02645,KH00845,363
WL02646,KH01303,170
WL02647,KH01803,72
WL02648,KH00019,332
WL02649,KH01970,7
WL02650,KH00110,37
WL02651,KH00067,487
WL02652,KH01293,473
WL02653,KH01752,426
WL02654,KH01277,332
WL02655,KH00477,176
WL02656,KH00553,464
WL02657,KH00914,74
WL02658,KH01881,334
WL02659,KH00022,241
WL02660,KH01933,261
WL02661,KH00077,249
WL02662,KH01620,67
WL02663,KH00050,92
WL02664,KH00050,123
WL02665,KH01318,42
WL02666,KH00029,40
WL02667,KH00245,268
WL02668,KH00175,234
WL02669,KH00809,11
WL02670,KH00333,105
WL02671,KH00588,338
WL02672,KH01605,249
WL02673,KH01961,408
WL02674,KH00880,194
WL02675,KH01750,187
WL02676,KH01901,69
WL02677,KH00149,291
WL02678,KH00526,443
WL02679,KH00887,467
WL02680,KH00043,381
WL02681,KH00001,66
WL02682,KH00075,291
WL02683,KH01920,345
WL02684,KH00958,443
WL02685,KH00153,26
WL02686,KH01971,64
WL02687,KH00478,493
WL02688,KH00715,340
WL02689,KH01611,121
WL02690,KH00468,39
WL02691,KH01890,435
WL02692,KH01227,276
WL02693,KH00824,13
WL02694,KH01415,450
WL02695,KH00199,434
WL02696,KH00789,233
WL02697,KH01397,101
WL02698,KH00500,310
WL02699,KH00656,181
WL02700,KH00580,251
WL02701,KH01028,35
WL02702,KH00674,264
WL02703,KH01792,396
WL02704,KH01276,278
WL02705,KH01993,458
WL02706,KH00627,463
WL02707,KH00696,311
WL02708,KH00457,175
WL02709,KH00423,169
WL02710,KH00377,378
WL02711,KH01004,22
WL02712,KH00558,187
WL02713,KH00272,10
WL02714,KH01488,166
WL02715,KH00493,99
WL02716,KH00563,185
WL02717,KH00206,86
WL02718,KH01569,398
WL02719,KH00789,205
WL02720,KH01575,450
WL02721,KH00715,268
WL02722,KH00857,389
WL02723,KH00625,385
WL02724,KH00738,497
WL02725,KH01489,452
WL02726,KH00052,374
WL02727,KH00208,497
WL02728,KH00818,305
WL02729,KH00390,392
WL02730,KH00733,76
WL02731,KH01225,179
WL02732,KH01170,10
WL02733,KH00463,107
WL02734,KH01231,482
WL02735,KH00326,296
WL02736,KH01153,60
WL02737,KH01604,1
WL02738,KH01153,386
WL02739,KH01471,165
WL02740,KH01334,242
WL02741,KH01841,308
WL02742,KH00136,148
WL02743,KH01348,159
WL02744,KH01471,331
WL02745,KH00879,118
WL02746,KH01401,254
WL02747,KH01441,136
WL02748,KH00273,247
WL02749,KH00300,121
WL02750,KH00809,481
WL02751,KH01258,42
WL02752,KH01310,245
WL02753,KH01645,348
WL02754,KH00864,435
WL02755,KH00631,233
WL02756,KH01202,30
WL02757,KH00783,107
WL02758,KH00576,373
WL02759,KH00955,464
WL02760,KH01901,42
WL02761,KH01373,52
WL02762,KH01354,86
WL02763,KH01703,459
WL02764,KH01246,474
WL02765,KH00465,412
WL02766,KH00319,440
WL02767,KH00728,178
WL02768,KH00286,274
WL02769,KH01461,467
WL02770,KH01995,21
WL02771,KH02000,430
WL02772,KH01021,255
WL02773,KH01286,196
WL02774,KH01499,447
WL02775,KH01267,10
WL02776,KH01772,148
WL02777,KH00708,369
WL02778,KH01481,239
WL02779,KH01924,433
WL02780,KH01061,475
WL02781,KH01271,74
WL02782,KH01542,417
WL02783,KH00948,302
WL02784,KH01841,483
WL02785,KH00396,270
WL02786,KH01115,447
WL02787,KH01896,124
WL02788,KH00174,48
WL02789,KH01736,214
WL02790,KH01757,310
WL02791,KH01329,378
WL02792,KH01062,481
WL02793,KH00396,437
WL02794,KH01408,217
WL02795,KH00895,438
WL02796,KH01645,172
WL02797,KH01419,396
WL02798,KH01566,475
WL02799,KH00214,126
WL02800,KH00355,85
WL02801,KH01634,487
WL02802,KH01569,499
WL02803,KH00414,186
WL02804,KH00542,6
WL02805,KH00010,378
WL02806,KH01235,194
WL02807,KH01734,300
WL02808,KH01481,2
WL02809,KH01454,191
WL02810,KH00770,329
WL02811,KH01190,215
WL02812,KH00448,492
WL02813,KH01132,268
WL02814,KH00919,238
WL02815,KH00942,443
WL02816,KH00051,392
WL02817,KH00505,200
WL02818,KH00978,380
WL02819,KH00339,394
WL02820,KH00365,10
WL02821,KH01732,55
WL02822,KH01651,318
WL02823,KH01634,150
WL02824,KH00898,360
WL02825,KH01807,292
WL02826,KH00792,127
WL02827,KH00261,164
WL02828,KH01087,311
WL02829,KH00153,180
WL02830,KH00105,202
WL02831,KH00697,55
WL02832,KH01298,188
WL02833,KH01468,395
WL02834,KH01088,151
WL02835,KH01447,255
WL02836,KH01790,274
WL02837,KH00704,455
WL02838,KH01356,38
WL02839,KH01609,15
WL02840,KH01308,256
WL02841,KH01314,163
WL02842,KH00888,458
WL02843,KH00777,407
WL02844,KH00118,454
WL02845,KH01087,387
WL02846,KH01110,23
WL02847,KH00766,325
WL02848,KH00937,289
WL02849,KH01373,305
WL02850,KH01847,255
WL02851,KH01213,132
WL02852,KH00039,386
WL02853,KH00475,118
WL02854,KH01212,188
WL02855,KH00896,20
WL02856,KH00533,317
WL02857,KH01261,441
WL02858,KH01680,301
WL02859,KH01895,211
WL02860,KH00086,437
WL02861,KH00749,111
WL02862,KH01617,477
WL02863,KH00079,477
WL02864,KH00198,390
WL02865,KH01241,340
WL02866,KH01706,1
WL02867,KH00904,452
WL02868,KH00857,487
WL02869,KH00600,478
WL02870,KH01188,417
WL02871,KH01855,287
WL02872,KH00174,208
WL02873,KH00232,53
WL02874,KH01434,212
WL02875,KH00007,88
WL02876,KH00070,435
WL02877,KH00896,146
WL02878,KH00651,167
WL02879,KH00842,496
WL02880,KH00473,324
WL02881,KH00142,103
WL02882,KH01529,409
WL02883,KH01761,15
WL02884,KH01476,411
WL02885,KH01761,150
WL02886,KH00728,270
WL02887,KH01372,84
WL02888,KH00080,130
WL02889,KH01523,145
WL02890,KH00080,107
WL02891,KH00891,154
WL02892,KH00822,350
WL02893,KH00082,226
WL02894,KH00759,415
WL02895,KH01239,12
WL02896,KH01130,323
WL02897,KH00520,358
WL02898,KH00340,59
WL02899,KH01389,312
WL02900,KH00826,262
WL02901,KH01822,395
WL02902,KH01893,265
WL02903,KH00130,241
WL02904,KH01182,393
WL02905,KH00677,485
WL02906,KH01644,180
WL02907,KH01968,199
WL02908,KH01911,374
WL02909,KH00593,59
WL02910,KH01430,370
WL02911,KH01475,111
WL02912,KH00932,437
WL02913,KH01192,328
WL02914,KH00342,412
WL02915,KH01814,367
WL02916,KH01620,258
WL02917,KH00939,96
WL02918,KH00777,95
WL02919,KH01330,16
WL02920,KH01705,275
WL02921,KH01453,460
WL02922,KH00211,144
WL02923,KH01274,307
WL02924,KH01001,180
WL02925,KH00777,469
WL02926,KH01810,354
WL02927,KH00833,93
WL02928,KH00208,253
WL02929,KH01947,46
WL02930,KH01297,320
WL02931,KH01290,35
WL02932,KH01415,111
WL02933,KH01013,149
WL02934,KH01189,388
WL02935,KH00886,468
WL02936,KH00424,186
WL02937,KH01294,293
WL02938,KH01611,47
WL02939,KH01581,173
WL02940,KH00765,315
WL02941,KH01090,303
WL02942,KH01052,47
WL02943,KH01470,475
WL02944,KH00520,43
WL02945,KH01559,363
WL02946,KH00811,67
WL02947,KH00725,194
WL02948,KH01966,287
WL02949,KH01484,200
WL02950,KH00842,290
WL02951,KH00834,164
WL02952,KH01115,42
WL02953,KH01084,93
WL02954,KH01105,61
WL02955,KH00452,373
WL02956,KH01946,127
WL02957,KH01944,351
WL02958,KH00117,350
WL02959,KH00835,343
WL02960,KH00181,283
WL02961,KH00553,386
WL02962,KH01017,270
WL02963,KH00773,7
WL02964,KH01530,105
WL02965,KH00473,474
WL02966,KH01887,463
WL02967,KH01790,255
WL02968,KH01338,194
WL02969,KH01239,466
WL02970,KH00467,133
WL02971,KH00133,32
WL02972,KH01942,268
WL02973,KH01116,50
WL02974,KH01247,283
WL02975,KH00750,469
WL02976,KH00402,297
WL02977,KH01366,91
WL02978,KH00067,125
WL02979,KH00832,80
WL02980,KH00377,32
WL02981,KH01201,145
WL02982,KH00431,364
WL02983,KH01223,435
WL02984,KH01235,464
WL02985,KH00075,484
WL02986,KH01035,357
WL02987,KH01198,192
WL02988,KH01925,22
WL02989,KH01834,224
WL02990,KH00334,421
WL02991,KH00788,200
WL02992,KH00388,69
WL02993,KH00783,425
WL02994,KH00271,267
WL02995,KH01709,177
WL02996,KH01944,426
WL02997,KH00707,73
WL02998,KH01779,342
WL02999,KH00451,48
WL03000,KH00014,403
